Address,0x0000,0x0001,0x0002,0x0003,0x0004,0x0005,0x0006,0x0007,0x0008,0x0009,0x000A,0x000B,0x000C,0x000D,0x000E,0x000F
0x0000,0,234,0,252,0,227,0,252,0,227,0,252,0,240,0,252
0x0010,252,0,227,0,227,0,234,0,0,0,0,0,0,0,0,0
0x0020,0,0,0,0,0,0,0,0,0,0,0,0,0,0,0,0
0x0030,0,0,0,0,0,0,0,0,0,0,0,0,0,0,0,0
0x0040,0,0,0,0,0,0,0,0,0,0,0,0,0,0,0,0
0x0050,0,0,0,0,0,0,0,0,0,0,0,0,0,0,0,0
0x0060,0,0,0,0,0,0,0,0,0,0,0,0,0,0,0,0
0x0070,0,0,0,0,0,0,0,0,0,0,0,0,0,0,0,0
0x0080,0,0,0,0,0,0,0,0,0,0,0,0,0,0,0,0
0x0090,0,0,0,0,0,0,0,0,0,0,0,0,0,0,0,0
0x00A0,0,0,0,0,0,0,0,0,0,0,0,0,0,0,0,0
0x00B0,0,0,0,0,0,0,0,0,0,0,0,0,0,0,0,0
0x00C0,0,0,0,0,0,0,0,0,0,0,0,0,0,0,0,0
0x00D0,0,0,0,0,0,0,0,0,0,0,0,0,0,0,0,0
0x00E0,0,0,0,0,0,0,0,0,0,0,0,0,0,0,0,0
0x00F0,0,0,0,0,0,0,0,0,0,0,0,0,0,0,0,0
0x0100,0,0,0,0,0,0,0,0,0,0,0,0,0,0,0,0
0x0110,0,0,0,0,0,0,0,0,0,0,0,0,0,0,0,0
0x0120,0,0,0,0,0,0,0,0,0,0,0,0,0,0,0,0
0x0130,0,0,0,0,0,0,0,0,0,0,0,0,0,0,0,0
0x0140,0,0,0,0,0,0,0,0,0,0,0,0,0,0,0,0
0x0150,0,0,0,0,0,0,0,0,0,0,0,0,0,0,0,0
0x0160,0,0,0,0,0,0,0,0,0,0,0,0,0,0,0,0
0x0170,0,0,0,0,0,0,0,0,0,0,0,0,0,0,0,0
0x0180,0,0,0,0,0,0,0,0,0,0,0,0,0,0,0,0
0x0190,0,0,0,0,0,0,0,0,0,0,0,0,0,0,0,0
0x01A0,0,0,0,0,0,0,0,0,0,0,0,0,0,0,0,0
0x01B0,0,0,0,0,0,0,0,0,0,0,0,0,0,0,0,0
0x01C0,0,0,0,0,0,0,0,0,0,0,0,0,0,0,0,0
0x01D0,0,0,0,0,0,0,0,0,0,0,0,0,0,0,0,0
0x01E0,0,0,0,0,0,0,0,0,0,0,0,0,0,0,0,0
0x01F0,0,0,0,0,0,0,0,0,0,0,0,0,0,0,0,0
0x0200,0,0,0,0,0,0,0,0,0,0,0,0,0,0,0,0
0x0210,0,0,0,0,0,0,0,0,0,0,0,0,0,0,0,0
0x0220,0,0,0,0,0,0,0,0,0,0,0,0,0,0,0,0
0x0230,0,0,0,0,0,0,0,0,0,0,0,0,0,0,0,0
0x0240,0,0,0,0,0,0,0,0,0,0,0,0,0,0,0,0
0x0250,0,0,0,0,0,0,0,0,0,0,0,0,0,0,0,0
0x0260,0,0,0,0,0,0,0,0,0,0,0,0,0,0,0,0
0x0270,0,0,0,0,0,0,0,0,0,0,0,0,0,0,0,0
0x0280,0,0,0,0,0,0,0,0,0,0,0,0,0,0,0,0
0x0290,0,0,0,0,0,0,0,0,0,0,0,0,0,0,0,0
0x02A0,0,0,0,0,0,0,0,0,0,0,0,0,0,0,0,0
0x02B0,0,0,0,0,0,0,0,0,0,0,0,0,0,0,0,0
0x02C0,0,0,0,0,0,0,0,0,0,0,0,0,0,0,0,0
0x02D0,0,0,0,0,0,0,0,0,0,0,0,0,0,0,0,0
0x02E0,0,0,0,0,0,0,0,0,0,0,0,0,0,0,0,0
0x02F0,0,0,0,0,0,0,0,0,0,0,0,0,0,0,0,0
0x0300,0,0,0,0,0,0,0,0,0,0,0,0,0,0,0,0
0x0310,0,0,0,0,0,0,0,0,0,0,0,0,0,0,0,0
0x0320,0,0,0,0,0,0,0,0,0,0,0,0,0,0,0,0
0x0330,0,0,0,0,0,0,0,0,0,0,0,0,0,0,0,0
0x0340,0,0,0,0,0,0,0,0,0,0,0,0,0,0,0,0
0x0350,0,0,0,0,0,0,0,0,0,0,0,0,0,0,0,0
0x0360,0,0,0,0,0,0,0,0,0,0,0,0,0,0,0,0
0x0370,0,0,0,0,0,0,0,0,0,0,0,0,0,0,0,0
0x0380,0,0,0,0,0,0,0,0,0,0,0,0,0,0,0,0
0x0390,0,0,0,0,0,0,0,0,0,0,0,0,0,0,0,0
0x03A0,0,0,0,0,0,0,0,0,0,0,0,0,0,0,0,0
0x03B0,0,0,0,0,0,0,0,0,0,0,0,0,0,0,0,0
0x03C0,0,0,0,0,0,0,0,0,0,0,0,0,0,0,0,0
0x03D0,0,0,0,0,0,0,0,0,0,0,0,0,0,0,0,0
0x03E0,0,0,0,0,0,0,0,0,0,0,0,0,0,0,0,0
0x03F0,0,0,0,0,0,0,0,0,0,0,0,0,0,0,0,0
0x0400,0,0,0,0,0,0,0,0,0,0,0,0,0,0,0,0
0x0410,0,0,0,0,0,0,0,0,0,0,0,0,0,0,0,0
0x0420,0,0,0,0,0,0,0,0,0,0,0,0,0,0,0,0
0x0430,0,0,0,0,0,0,0,0,0,0,0,0,0,0,0,0
0x0440,0,0,0,0,0,0,0,0,0,0,0,0,0,0,0,0
0x0450,0,0,0,0,0,0,0,0,0,0,0,0,0,0,0,0
0x0460,0,0,0,0,0,0,0,0,0,0,0,0,0,0,0,0
0x0470,0,0,0,0,0,0,0,0,0,0,0,0,0,0,0,0
0x0480,0,0,0,0,0,0,0,0,0,0,0,0,0,0,0,0
0x0490,0,0,0,0,0,0,0,0,0,0,0,0,0,0,0,0
0x04A0,0,0,0,0,0,0,0,0,0,0,0,0,0,0,0,0
0x04B0,0,0,0,0,0,0,0,0,0,0,0,0,0,0,0,0
0x04C0,0,0,0,0,0,0,0,0,0,0,0,0,0,0,0,0
0x04D0,0,0,0,0,0,0,0,0,0,0,0,0,0,0,0,0
0x04E0,0,0,0,0,0,0,0,0,0,0,0,0,0,0,0,0
0x04F0,0,0,0,0,0,0,0,0,0,0,0,0,0,0,0,0
0x0500,0,0,0,0,0,0,0,0,0,0,0,0,0,0,0,0
0x0510,0,0,0,0,0,0,0,0,0,0,0,0,0,0,0,0
0x0520,0,0,0,0,0,0,0,0,0,0,0,0,0,0,0,0
0x0530,0,0,0,0,0,0,0,0,0,0,0,0,0,0,0,0
0x0540,0,0,0,0,0,0,0,0,0,0,0,0,0,0,0,0
0x0550,0,0,0,0,0,0,0,0,0,0,0,0,0,0,0,0
0x0560,0,0,0,0,0,0,0,0,0,0,0,0,0,0,0,0
0x0570,0,0,0,0,0,0,0,0,0,0,0,0,0,0,0,0
0x0580,0,0,0,0,0,0,0,0,0,0,0,0,0,0,0,0
0x0590,0,0,0,0,0,0,0,0,0,0,0,0,0,0,0,0
0x05A0,0,0,0,0,0,0,0,0,0,0,0,0,0,0,0,0
0x05B0,0,0,0,0,0,0,0,0,0,0,0,0,0,0,0,0
0x05C0,0,0,0,0,0,0,0,0,0,0,0,0,0,0,0,0
0x05D0,0,0,0,0,0,0,0,0,0,0,0,0,0,0,0,0
0x05E0,0,0,0,0,0,0,0,0,0,0,0,0,0,0,0,0
0x05F0,0,0,0,0,0,0,0,0,0,0,0,0,0,0,0,0
0x0600,0,0,0,0,0,0,0,0,0,0,0,0,0,0,0,0
0x0610,0,0,0,0,0,0,0,0,0,0,0,0,0,0,0,0
0x0620,0,0,0,0,0,0,0,0,0,0,0,0,0,0,0,0
0x0630,0,0,0,0,0,0,0,0,0,0,0,0,0,0,0,0
0x0640,0,0,0,0,0,0,0,0,0,0,0,0,0,0,0,0
0x0650,0,0,0,0,0,0,0,0,0,0,0,0,0,0,0,0
0x0660,0,0,0,0,0,0,0,0,0,0,0,0,0,0,0,0
0x0670,0,0,0,0,0,0,0,0,0,0,0,0,0,0,0,0
0x0680,0,0,0,0,0,0,0,0,0,0,0,0,0,0,0,0
0x0690,0,0,0,0,0,0,0,0,0,0,0,0,0,0,0,0
0x06A0,0,0,0,0,0,0,0,0,0,0,0,0,0,0,0,0
0x06B0,0,0,0,0,0,0,0,0,0,0,0,0,0,0,0,0
0x06C0,0,0,0,0,0,0,0,0,0,0,0,0,0,0,0,0
0x06D0,0,0,0,0,0,0,0,0,0,0,0,0,0,0,0,0
0x06E0,0,0,0,0,0,0,0,0,0,0,0,0,0,0,0,0
0x06F0,0,0,0,0,0,0,0,0,0,0,0,0,0,0,0,0
0x0700,0,0,0,0,0,0,0,0,0,0,0,0,0,0,0,0
0x0710,0,0,0,0,0,0,0,0,0,0,0,0,0,0,0,0
0x0720,0,0,0,0,0,0,0,0,0,0,0,0,0,0,0,0
0x0730,0,0,0,0,0,0,0,0,0,0,0,0,0,0,0,0
0x0740,0,0,0,0,0,0,0,0,0,0,0,0,0,0,0,0
0x0750,0,0,0,0,0,0,0,0,0,0,0,0,0,0,0,0
0x0760,0,0,0,0,0,0,0,0,0,0,0,0,0,0,0,0
0x0770,0,0,0,0,0,0,0,0,0,0,0,0,0,0,0,0
0x0780,0,0,0,0,0,0,0,0,0,0,0,0,0,0,0,0
0x0790,0,0,0,0,0,0,0,0,0,0,0,0,0,0,0,0
0x07A0,0,0,0,0,0,0,0,0,0,0,0,0,0,0,0,0
0x07B0,0,0,0,0,0,0,0,0,0,0,0,0,0,0,0,0
0x07C0,0,0,0,0,0,0,0,0,0,0,0,0,0,0,0,0
0x07D0,0,0,0,0,0,0,0,0,0,0,0,0,0,0,0,0
0x07E0,0,0,0,0,0,0,0,0,0,0,0,0,0,0,0,0
0x07F0,0,0,0,0,0,0,0,0,0,0,0,0,0,0,0,0
0x0800,0,0,0,0,0,0,0,0,0,0,0,0,0,0,0,0
0x0810,0,0,0,0,0,0,0,0,0,0,0,0,0,0,0,0
0x0820,0,0,0,0,0,0,0,0,0,0,0,0,0,0,0,0
0x0830,0,0,0,0,0,0,0,0,0,0,0,0,0,0,0,0
0x0840,0,0,0,0,0,0,0,0,0,0,0,0,0,0,0,0
0x0850,0,0,0,0,0,0,0,0,0,0,0,0,0,0,0,0
0x0860,0,0,0,0,0,0,0,0,0,0,0,0,0,0,0,0
0x0870,0,0,0,0,0,0,0,0,0,0,0,0,0,0,0,0
0x0880,0,0,0,0,0,0,0,0,0,0,0,0,0,0,0,0
0x0890,0,0,0,0,0,0,0,0,0,0,0,0,0,0,0,0
0x08A0,0,0,0,0,0,0,0,0,0,0,0,0,0,0,0,0
0x08B0,0,0,0,0,0,0,0,0,0,0,0,0,0,0,0,0
0x08C0,0,0,0,0,0,0,0,0,0,0,0,0,0,0,0,0
0x08D0,0,0,0,0,0,0,0,0,0,0,0,0,0,0,0,0
0x08E0,0,0,0,0,0,0,0,0,0,0,0,0,0,0,0,0
0x08F0,0,0,0,0,0,0,0,0,0,0,0,0,0,0,0,0
0x0900,0,0,0,0,0,0,0,0,0,0,0,0,0,0,0,0
0x0910,0,0,0,0,0,0,0,0,0,0,0,0,0,0,0,0
0x0920,0,0,0,0,0,0,0,0,0,0,0,0,0,0,0,0
0x0930,0,0,0,0,0,0,0,0,0,0,0,0,0,0,0,0
0x0940,0,0,0,0,0,0,0,0,0,0,0,0,0,0,0,0
0x0950,0,0,0,0,0,0,0,0,0,0,0,0,0,0,0,0
0x0960,0,0,0,0,0,0,0,0,0,0,0,0,0,0,0,0
0x0970,0,0,0,0,0,0,0,0,0,0,0,0,0,0,0,0
0x0980,0,0,0,0,0,0,0,0,0,0,0,0,0,0,0,0
0x0990,0,0,0,0,0,0,0,0,0,0,0,0,0,0,0,0
0x09A0,0,0,0,0,0,0,0,0,0,0,0,0,0,0,0,0
0x09B0,0,0,0,0,0,0,0,0,0,0,0,0,0,0,0,0
0x09C0,0,0,0,0,0,0,0,0,0,0,0,0,0,0,0,0
0x09D0,0,0,0,0,0,0,0,0,0,0,0,0,0,0,0,0
0x09E0,0,0,0,0,0,0,0,0,0,0,0,0,0,0,0,0
0x09F0,0,0,0,0,0,0,0,0,0,0,0,0,0,0,0,0
0x0A00,0,0,0,0,0,0,0,0,0,0,0,0,0,0,0,0
0x0A10,0,0,0,0,0,0,0,0,0,0,0,0,0,0,0,0
0x0A20,0,0,0,0,0,0,0,0,0,0,0,0,0,0,0,0
0x0A30,0,0,0,0,0,0,0,0,0,0,0,0,0,0,0,0
0x0A40,0,0,0,0,0,0,0,0,0,0,0,0,0,0,0,0
0x0A50,0,0,0,0,0,0,0,0,0,0,0,0,0,0,0,0
0x0A60,0,0,0,0,0,0,0,0,0,0,0,0,0,0,0,0
0x0A70,0,0,0,0,0,0,0,0,0,0,0,0,0,0,0,0
0x0A80,0,0,0,0,0,0,0,0,0,0,0,0,0,0,0,0
0x0A90,0,0,0,0,0,0,0,0,0,0,0,0,0,0,0,0
0x0AA0,0,0,0,0,0,0,0,0,0,0,0,0,0,0,0,0
0x0AB0,0,0,0,0,0,0,0,0,0,0,0,0,0,0,0,0
0x0AC0,0,0,0,0,0,0,0,0,0,0,0,0,0,0,0,0
0x0AD0,0,0,0,0,0,0,0,0,0,0,0,0,0,0,0,0
0x0AE0,0,0,0,0,0,0,0,0,0,0,0,0,0,0,0,0
0x0AF0,0,0,0,0,0,0,0,0,0,0,0,0,0,0,0,0
0x0B00,0,0,0,0,0,0,0,0,0,0,0,0,0,0,0,0
0x0B10,0,0,0,0,0,0,0,0,0,0,0,0,0,0,0,0
0x0B20,0,0,0,0,0,0,0,0,0,0,0,0,0,0,0,0
0x0B30,0,0,0,0,0,0,0,0,0,0,0,0,0,0,0,0
0x0B40,0,0,0,0,0,0,0,0,0,0,0,0,0,0,0,0
0x0B50,0,0,0,0,0,0,0,0,0,0,0,0,0,0,0,0
0x0B60,0,0,0,0,0,0,0,0,0,0,0,0,0,0,0,0
0x0B70,0,0,0,0,0,0,0,0,0,0,0,0,0,0,0,0
0x0B80,0,0,0,0,0,0,0,0,0,0,0,0,0,0,0,0
0x0B90,0,0,0,0,0,0,0,0,0,0,0,0,0,0,0,0
0x0BA0,0,0,0,0,0,0,0,0,0,0,0,0,0,0,0,0
0x0BB0,0,0,0,0,0,0,0,0,0,0,0,0,0,0,0,0
0x0BC0,0,0,0,0,0,0,0,0,0,0,0,0,0,0,0,0
0x0BD0,0,0,0,0,0,0,0,0,0,0,0,0,0,0,0,0
0x0BE0,0,0,0,0,0,0,0,0,0,0,0,0,0,0,0,0
0x0BF0,0,0,0,0,0,0,0,0,0,0,0,0,0,0,0,0
0x0C00,0,0,0,0,0,0,0,0,0,0,0,0,0,0,0,0
0x0C10,0,0,0,0,0,0,0,0,0,0,0,0,0,0,0,0
0x0C20,0,0,0,0,0,0,0,0,0,0,0,0,0,0,0,0
0x0C30,0,0,0,0,0,0,0,0,0,0,0,0,0,0,0,0
0x0C40,0,0,0,0,0,0,0,0,0,0,0,0,0,0,0,0
0x0C50,0,0,0,0,0,0,0,0,0,0,0,0,0,0,0,0
0x0C60,0,0,0,0,0,0,0,0,0,0,0,0,0,0,0,0
0x0C70,0,0,0,0,0,0,0,0,0,0,0,0,0,0,0,0
0x0C80,0,0,0,0,0,0,0,0,0,0,0,0,0,0,0,0
0x0C90,0,0,0,0,0,0,0,0,0,0,0,0,0,0,0,0
0x0CA0,0,0,0,0,0,0,0,0,0,0,0,0,0,0,0,0
0x0CB0,0,0,0,0,0,0,0,0,0,0,0,0,0,0,0,0
0x0CC0,0,0,0,0,0,0,0,0,0,0,0,0,0,0,0,0
0x0CD0,0,0,0,0,0,0,0,0,0,0,0,0,0,0,0,0
0x0CE0,0,0,0,0,0,0,0,0,0,0,0,0,0,0,0,0
0x0CF0,0,0,0,0,0,0,0,0,0,0,0,0,0,0,0,0
0x0D00,0,0,0,0,0,0,0,0,0,0,0,0,0,0,0,0
0x0D10,0,0,0,0,0,0,0,0,0,0,0,0,0,0,0,0
0x0D20,0,0,0,0,0,0,0,0,0,0,0,0,0,0,0,0
0x0D30,0,0,0,0,0,0,0,0,0,0,0,0,0,0,0,0
0x0D40,0,0,0,0,0,0,0,0,0,0,0,0,0,0,0,0
0x0D50,0,0,0,0,0,0,0,0,0,0,0,0,0,0,0,0
0x0D60,0,0,0,0,0,0,0,0,0,0,0,0,0,0,0,0
0x0D70,0,0,0,0,0,0,0,0,0,0,0,0,0,0,0,0
0x0D80,0,0,0,0,0,0,0,0,0,0,0,0,0,0,0,0
0x0D90,0,0,0,0,0,0,0,0,0,0,0,0,0,0,0,0
0x0DA0,0,0,0,0,0,0,0,0,0,0,0,0,0,0,0,0
0x0DB0,0,0,0,0,0,0,0,0,0,0,0,0,0,0,0,0
0x0DC0,0,0,0,0,0,0,0,0,0,0,0,0,0,0,0,0
0x0DD0,0,0,0,0,0,0,0,0,0,0,0,0,0,0,0,0
0x0DE0,0,0,0,0,0,0,0,0,0,0,0,0,0,0,0,0
0x0DF0,0,0,0,0,0,0,0,0,0,0,0,0,0,0,0,0
0x0E00,0,0,0,0,0,0,0,0,0,0,0,0,0,0,0,0
0x0E10,0,0,0,0,0,0,0,0,0,0,0,0,0,0,0,0
0x0E20,0,0,0,0,0,0,0,0,0,0,0,0,0,0,0,0
0x0E30,0,0,0,0,0,0,0,0,0,0,0,0,0,0,0,0
0x0E40,0,0,0,0,0,0,0,0,0,0,0,0,0,0,0,0
0x0E50,0,0,0,0,0,0,0,0,0,0,0,0,0,0,0,0
0x0E60,0,0,0,0,0,0,0,0,0,0,0,0,0,0,0,0
0x0E70,0,0,0,0,0,0,0,0,0,0,0,0,0,0,0,0
0x0E80,0,0,0,0,0,0,0,0,0,0,0,0,0,0,0,0
0x0E90,0,0,0,0,0,0,0,0,0,0,0,0,0,0,0,0
0x0EA0,0,0,0,0,0,0,0,0,0,0,0,0,0,0,0,0
0x0EB0,0,0,0,0,0,0,0,0,0,0,0,0,0,0,0,0
0x0EC0,0,0,0,0,0,0,0,0,0,0,0,0,0,0,0,0
0x0ED0,0,0,0,0,0,0,0,0,0,0,0,0,0,0,0,0
0x0EE0,0,0,0,0,0,0,0,0,0,0,0,0,0,0,0,0
0x0EF0,0,0,0,0,0,0,0,0,0,0,0,0,0,0,0,0
0x0F00,0,0,0,0,0,0,0,0,0,0,0,0,0,0,0,0
0x0F10,0,0,0,0,0,0,0,0,0,0,0,0,0,0,0,0
0x0F20,0,0,0,0,0,0,0,0,0,0,0,0,0,0,0,0
0x0F30,0,0,0,0,0,0,0,0,0,0,0,0,0,0,0,0
0x0F40,0,0,0,0,0,0,0,0,0,0,0,0,0,0,0,0
0x0F50,0,0,0,0,0,0,0,0,0,0,0,0,0,0,0,0
0x0F60,0,0,0,0,0,0,0,0,0,0,0,0,0,0,0,0
0x0F70,0,0,0,0,0,0,0,0,0,0,0,0,0,0,0,0
0x0F80,0,0,0,0,0,0,0,0,0,0,0,0,0,0,0,0
0x0F90,0,0,0,0,0,0,0,0,0,0,0,0,0,0,0,0
0x0FA0,0,0,0,0,0,0,0,0,0,0,0,0,0,0,0,0
0x0FB0,0,0,0,0,0,0,0,0,0,0,0,0,0,0,0,0
0x0FC0,0,0,0,0,0,0,0,0,0,0,0,0,0,0,0,0
0x0FD0,0,0,0,0,0,0,0,0,0,0,0,0,0,0,0,0
0x0FE0,0,0,0,0,0,0,0,0,0,0,0,0,0,0,0,0
0x0FF0,0,0,0,0,0,0,0,0,0,0,0,0,0,0,0,0
0x1000,0,0,0,0,0,0,0,0,0,0,0,0,0,0,0,0
0x1010,0,0,0,0,0,0,0,0,0,0,0,0,0,0,0,0
0x1020,0,0,0,0,0,0,0,0,0,0,0,0,0,0,0,0
0x1030,0,0,0,0,0,0,0,0,0,0,0,0,0,0,0,0
0x1040,0,0,0,0,0,0,0,0,0,0,0,0,0,0,0,0
0x1050,0,0,0,0,0,0,0,0,0,0,0,0,0,0,0,0
0x1060,0,0,0,0,0,0,0,0,0,0,0,0,0,0,0,0
0x1070,0,0,0,0,0,0,0,0,0,0,0,0,0,0,0,0
0x1080,0,0,0,0,0,0,0,0,0,0,0,0,0,0,0,0
0x1090,0,0,0,0,0,0,0,0,0,0,0,0,0,0,0,0
0x10A0,0,0,0,0,0,0,0,0,0,0,0,0,0,0,0,0
0x10B0,0,0,0,0,0,0,0,0,0,0,0,0,0,0,0,0
0x10C0,0,0,0,0,0,0,0,0,0,0,0,0,0,0,0,0
0x10D0,0,0,0,0,0,0,0,0,0,0,0,0,0,0,0,0
0x10E0,0,0,0,0,0,0,0,0,0,0,0,0,0,0,0,0
0x10F0,0,0,0,0,0,0,0,0,0,0,0,0,0,0,0,0
0x1100,0,0,0,0,0,0,0,0,0,0,0,0,0,0,0,0
0x1110,0,0,0,0,0,0,0,0,0,0,0,0,0,0,0,0
0x1120,0,0,0,0,0,0,0,0,0,0,0,0,0,0,0,0
0x1130,0,0,0,0,0,0,0,0,0,0,0,0,0,0,0,0
0x1140,0,0,0,0,0,0,0,0,0,0,0,0,0,0,0,0
0x1150,0,0,0,0,0,0,0,0,0,0,0,0,0,0,0,0
0x1160,0,0,0,0,0,0,0,0,0,0,0,0,0,0,0,0
0x1170,0,0,0,0,0,0,0,0,0,0,0,0,0,0,0,0
0x1180,0,0,0,0,0,0,0,0,0,0,0,0,0,0,0,0
0x1190,0,0,0,0,0,0,0,0,0,0,0,0,0,0,0,0
0x11A0,0,0,0,0,0,0,0,0,0,0,0,0,0,0,0,0
0x11B0,0,0,0,0,0,0,0,0,0,0,0,0,0,0,0,0
0x11C0,0,0,0,0,0,0,0,0,0,0,0,0,0,0,0,0
0x11D0,0,0,0,0,0,0,0,0,0,0,0,0,0,0,0,0
0x11E0,0,0,0,0,0,0,0,0,0,0,0,0,0,0,0,0
0x11F0,0,0,0,0,0,0,0,0,0,0,0,0,0,0,0,0
0x1200,0,0,0,0,0,0,0,0,0,0,0,0,0,0,0,0
0x1210,0,0,0,0,0,0,0,0,0,0,0,0,0,0,0,0
0x1220,0,0,0,0,0,0,0,0,0,0,0,0,0,0,0,0
0x1230,0,0,0,0,0,0,0,0,0,0,0,0,0,0,0,0
0x1240,0,0,0,0,0,0,0,0,0,0,0,0,0,0,0,0
0x1250,0,0,0,0,0,0,0,0,0,0,0,0,0,0,0,0
0x1260,0,0,0,0,0,0,0,0,0,0,0,0,0,0,0,0
0x1270,0,0,0,0,0,0,0,0,0,0,0,0,0,0,0,0
0x1280,0,0,0,0,0,0,0,0,0,0,0,0,0,0,0,0
0x1290,0,0,0,0,0,0,0,0,0,0,0,0,0,0,0,0
0x12A0,0,0,0,0,0,0,0,0,0,0,0,0,0,0,0,0
0x12B0,0,0,0,0,0,0,0,0,0,0,0,0,0,0,0,0
0x12C0,0,0,0,0,0,0,0,0,0,0,0,0,0,0,0,0
0x12D0,0,0,0,0,0,0,0,0,0,0,0,0,0,0,0,0
0x12E0,0,0,0,0,0,0,0,0,0,0,0,0,0,0,0,0
0x12F0,0,0,0,0,0,0,0,0,0,0,0,0,0,0,0,0
0x1300,0,0,0,0,0,0,0,0,0,0,0,0,0,0,0,0
0x1310,0,0,0,0,0,0,0,0,0,0,0,0,0,0,0,0
0x1320,0,0,0,0,0,0,0,0,0,0,0,0,0,0,0,0
0x1330,0,0,0,0,0,0,0,0,0,0,0,0,0,0,0,0
0x1340,0,0,0,0,0,0,0,0,0,0,0,0,0,0,0,0
0x1350,0,0,0,0,0,0,0,0,0,0,0,0,0,0,0,0
0x1360,0,0,0,0,0,0,0,0,0,0,0,0,0,0,0,0
0x1370,0,0,0,0,0,0,0,0,0,0,0,0,0,0,0,0
0x1380,0,0,0,0,0,0,0,0,0,0,0,0,0,0,0,0
0x1390,0,0,0,0,0,0,0,0,0,0,0,0,0,0,0,0
0x13A0,0,0,0,0,0,0,0,0,0,0,0,0,0,0,0,0
0x13B0,0,0,0,0,0,0,0,0,0,0,0,0,0,0,0,0
0x13C0,0,0,0,0,0,0,0,0,0,0,0,0,0,0,0,0
0x13D0,0,0,0,0,0,0,0,0,0,0,0,0,0,0,0,0
0x13E0,0,0,0,0,0,0,0,0,0,0,0,0,0,0,0,0
0x13F0,0,0,0,0,0,0,0,0,0,0,0,0,0,0,0,0
0x1400,0,0,0,0,0,0,0,0,0,0,0,0,0,0,0,0
0x1410,0,0,0,0,0,0,0,0,0,0,0,0,0,0,0,0
0x1420,0,0,0,0,0,0,0,0,0,0,0,0,0,0,0,0
0x1430,0,0,0,0,0,0,0,0,0,0,0,0,0,0,0,0
0x1440,0,0,0,0,0,0,0,0,0,0,0,0,0,0,0,0
0x1450,0,0,0,0,0,0,0,0,0,0,0,0,0,0,0,0
0x1460,0,0,0,0,0,0,0,0,0,0,0,0,0,0,0,0
0x1470,0,0,0,0,0,0,0,0,0,0,0,0,0,0,0,0
0x1480,0,0,0,0,0,0,0,0,0,0,0,0,0,0,0,0
0x1490,0,0,0,0,0,0,0,0,0,0,0,0,0,0,0,0
0x14A0,0,0,0,0,0,0,0,0,0,0,0,0,0,0,0,0
0x14B0,0,0,0,0,0,0,0,0,0,0,0,0,0,0,0,0
0x14C0,0,0,0,0,0,0,0,0,0,0,0,0,0,0,0,0
0x14D0,0,0,0,0,0,0,0,0,0,0,0,0,0,0,0,0
0x14E0,0,0,0,0,0,0,0,0,0,0,0,0,0,0,0,0
0x14F0,0,0,0,0,0,0,0,0,0,0,0,0,0,0,0,0
0x1500,0,0,0,0,0,0,0,0,0,0,0,0,0,0,0,0
0x1510,0,0,0,0,0,0,0,0,0,0,0,0,0,0,0,0
0x1520,0,0,0,0,0,0,0,0,0,0,0,0,0,0,0,0
0x1530,0,0,0,0,0,0,0,0,0,0,0,0,0,0,0,0
0x1540,0,0,0,0,0,0,0,0,0,0,0,0,0,0,0,0
0x1550,0,0,0,0,0,0,0,0,0,0,0,0,0,0,0,0
0x1560,0,0,0,0,0,0,0,0,0,0,0,0,0,0,0,0
0x1570,0,0,0,0,0,0,0,0,0,0,0,0,0,0,0,0
0x1580,0,0,0,0,0,0,0,0,0,0,0,0,0,0,0,0
0x1590,0,0,0,0,0,0,0,0,0,0,0,0,0,0,0,0
0x15A0,0,0,0,0,0,0,0,0,0,0,0,0,0,0,0,0
0x15B0,0,0,0,0,0,0,0,0,0,0,0,0,0,0,0,0
0x15C0,0,0,0,0,0,0,0,0,0,0,0,0,0,0,0,0
0x15D0,0,0,0,0,0,0,0,0,0,0,0,0,0,0,0,0
0x15E0,0,0,0,0,0,0,0,0,0,0,0,0,0,0,0,0
0x15F0,0,0,0,0,0,0,0,0,0,0,0,0,0,0,0,0
0x1600,0,0,0,0,0,0,0,0,0,0,0,0,0,0,0,0
0x1610,0,0,0,0,0,0,0,0,0,0,0,0,0,0,0,0
0x1620,0,0,0,0,0,0,0,0,0,0,0,0,0,0,0,0
0x1630,0,0,0,0,0,0,0,0,0,0,0,0,0,0,0,0
0x1640,0,0,0,0,0,0,0,0,0,0,0,0,0,0,0,0
0x1650,0,0,0,0,0,0,0,0,0,0,0,0,0,0,0,0
0x1660,0,0,0,0,0,0,0,0,0,0,0,0,0,0,0,0
0x1670,0,0,0,0,0,0,0,0,0,0,0,0,0,0,0,0
0x1680,0,0,0,0,0,0,0,0,0,0,0,0,0,0,0,0
0x1690,0,0,0,0,0,0,0,0,0,0,0,0,0,0,0,0
0x16A0,0,0,0,0,0,0,0,0,0,0,0,0,0,0,0,0
0x16B0,0,0,0,0,0,0,0,0,0,0,0,0,0,0,0,0
0x16C0,0,0,0,0,0,0,0,0,0,0,0,0,0,0,0,0
0x16D0,0,0,0,0,0,0,0,0,0,0,0,0,0,0,0,0
0x16E0,0,0,0,0,0,0,0,0,0,0,0,0,0,0,0,0
0x16F0,0,0,0,0,0,0,0,0,0,0,0,0,0,0,0,0
0x1700,0,0,0,0,0,0,0,0,0,0,0,0,0,0,0,0
0x1710,0,0,0,0,0,0,0,0,0,0,0,0,0,0,0,0
0x1720,0,0,0,0,0,0,0,0,0,0,0,0,0,0,0,0
0x1730,0,0,0,0,0,0,0,0,0,0,0,0,0,0,0,0
0x1740,0,0,0,0,0,0,0,0,0,0,0,0,0,0,0,0
0x1750,0,0,0,0,0,0,0,0,0,0,0,0,0,0,0,0
0x1760,0,0,0,0,0,0,0,0,0,0,0,0,0,0,0,0
0x1770,0,0,0,0,0,0,0,0,0,0,0,0,0,0,0,0
0x1780,0,0,0,0,0,0,0,0,0,0,0,0,0,0,0,0
0x1790,0,0,0,0,0,0,0,0,0,0,0,0,0,0,0,0
0x17A0,0,0,0,0,0,0,0,0,0,0,0,0,0,0,0,0
0x17B0,0,0,0,0,0,0,0,0,0,0,0,0,0,0,0,0
0x17C0,0,0,0,0,0,0,0,0,0,0,0,0,0,0,0,0
0x17D0,0,0,0,0,0,0,0,0,0,0,0,0,0,0,0,0
0x17E0,0,0,0,0,0,0,0,0,0,0,0,0,0,0,0,0
0x17F0,0,0,0,0,0,0,0,0,0,0,0,0,0,0,0,0
0x1800,0,0,0,0,0,0,0,0,0,0,0,0,0,0,0,0
0x1810,0,0,0,0,0,0,0,0,0,0,0,0,0,0,0,0
0x1820,0,0,0,0,0,0,0,0,0,0,0,0,0,0,0,0
0x1830,0,0,0,0,0,0,0,0,0,0,0,0,0,0,0,0
0x1840,0,0,0,0,0,0,0,0,0,0,0,0,0,0,0,0
0x1850,0,0,0,0,0,0,0,0,0,0,0,0,0,0,0,0
0x1860,0,0,0,0,0,0,0,0,0,0,0,0,0,0,0,0
0x1870,0,0,0,0,0,0,0,0,0,0,0,0,0,0,0,0
0x1880,0,0,0,0,0,0,0,0,0,0,0,0,0,0,0,0
0x1890,0,0,0,0,0,0,0,0,0,0,0,0,0,0,0,0
0x18A0,0,0,0,0,0,0,0,0,0,0,0,0,0,0,0,0
0x18B0,0,0,0,0,0,0,0,0,0,0,0,0,0,0,0,0
0x18C0,0,0,0,0,0,0,0,0,0,0,0,0,0,0,0,0
0x18D0,0,0,0,0,0,0,0,0,0,0,0,0,0,0,0,0
0x18E0,0,0,0,0,0,0,0,0,0,0,0,0,0,0,0,0
0x18F0,0,0,0,0,0,0,0,0,0,0,0,0,0,0,0,0
0x1900,0,0,0,0,0,0,0,0,0,0,0,0,0,0,0,0
0x1910,0,0,0,0,0,0,0,0,0,0,0,0,0,0,0,0
0x1920,0,0,0,0,0,0,0,0,0,0,0,0,0,0,0,0
0x1930,0,0,0,0,0,0,0,0,0,0,0,0,0,0,0,0
0x1940,0,0,0,0,0,0,0,0,0,0,0,0,0,0,0,0
0x1950,0,0,0,0,0,0,0,0,0,0,0,0,0,0,0,0
0x1960,0,0,0,0,0,0,0,0,0,0,0,0,0,0,0,0
0x1970,0,0,0,0,0,0,0,0,0,0,0,0,0,0,0,0
0x1980,0,0,0,0,0,0,0,0,0,0,0,0,0,0,0,0
0x1990,0,0,0,0,0,0,0,0,0,0,0,0,0,0,0,0
0x19A0,0,0,0,0,0,0,0,0,0,0,0,0,0,0,0,0
0x19B0,0,0,0,0,0,0,0,0,0,0,0,0,0,0,0,0
0x19C0,0,0,0,0,0,0,0,0,0,0,0,0,0,0,0,0
0x19D0,0,0,0,0,0,0,0,0,0,0,0,0,0,0,0,0
0x19E0,0,0,0,0,0,0,0,0,0,0,0,0,0,0,0,0
0x19F0,0,0,0,0,0,0,0,0,0,0,0,0,0,0,0,0
0x1A00,0,0,0,0,0,0,0,0,0,0,0,0,0,0,0,0
0x1A10,0,0,0,0,0,0,0,0,0,0,0,0,0,0,0,0
0x1A20,0,0,0,0,0,0,0,0,0,0,0,0,0,0,0,0
0x1A30,0,0,0,0,0,0,0,0,0,0,0,0,0,0,0,0
0x1A40,0,0,0,0,0,0,0,0,0,0,0,0,0,0,0,0
0x1A50,0,0,0,0,0,0,0,0,0,0,0,0,0,0,0,0
0x1A60,0,0,0,0,0,0,0,0,0,0,0,0,0,0,0,0
0x1A70,0,0,0,0,0,0,0,0,0,0,0,0,0,0,0,0
0x1A80,0,0,0,0,0,0,0,0,0,0,0,0,0,0,0,0
0x1A90,0,0,0,0,0,0,0,0,0,0,0,0,0,0,0,0
0x1AA0,0,0,0,0,0,0,0,0,0,0,0,0,0,0,0,0
0x1AB0,0,0,0,0,0,0,0,0,0,0,0,0,0,0,0,0
0x1AC0,0,0,0,0,0,0,0,0,0,0,0,0,0,0,0,0
0x1AD0,0,0,0,0,0,0,0,0,0,0,0,0,0,0,0,0
0x1AE0,0,0,0,0,0,0,0,0,0,0,0,0,0,0,0,0
0x1AF0,0,0,0,0,0,0,0,0,0,0,0,0,0,0,0,0
0x1B00,0,0,0,0,0,0,0,0,0,0,0,0,0,0,0,0
0x1B10,0,0,0,0,0,0,0,0,0,0,0,0,0,0,0,0
0x1B20,0,0,0,0,0,0,0,0,0,0,0,0,0,0,0,0
0x1B30,0,0,0,0,0,0,0,0,0,0,0,0,0,0,0,0
0x1B40,0,0,0,0,0,0,0,0,0,0,0,0,0,0,0,0
0x1B50,0,0,0,0,0,0,0,0,0,0,0,0,0,0,0,0
0x1B60,0,0,0,0,0,0,0,0,0,0,0,0,0,0,0,0
0x1B70,0,0,0,0,0,0,0,0,0,0,0,0,0,0,0,0
0x1B80,0,0,0,0,0,0,0,0,0,0,0,0,0,0,0,0
0x1B90,0,0,0,0,0,0,0,0,0,0,0,0,0,0,0,0
0x1BA0,0,0,0,0,0,0,0,0,0,0,0,0,0,0,0,0
0x1BB0,0,0,0,0,0,0,0,0,0,0,0,0,0,0,0,0
0x1BC0,0,0,0,0,0,0,0,0,0,0,0,0,0,0,0,0
0x1BD0,0,0,0,0,0,0,0,0,0,0,0,0,0,0,0,0
0x1BE0,0,0,0,0,0,0,0,0,0,0,0,0,0,0,0,0
0x1BF0,0,0,0,0,0,0,0,0,0,0,0,0,0,0,0,0
0x1C00,0,0,0,0,0,0,0,0,0,0,0,0,0,0,0,0
0x1C10,0,0,0,0,0,0,0,0,0,0,0,0,0,0,0,0
0x1C20,0,0,0,0,0,0,0,0,0,0,0,0,0,0,0,0
0x1C30,0,0,0,0,0,0,0,0,0,0,0,0,0,0,0,0
0x1C40,0,0,0,0,0,0,0,0,0,0,0,0,0,0,0,0
0x1C50,0,0,0,0,0,0,0,0,0,0,0,0,0,0,0,0
0x1C60,0,0,0,0,0,0,0,0,0,0,0,0,0,0,0,0
0x1C70,0,0,0,0,0,0,0,0,0,0,0,0,0,0,0,0
0x1C80,0,0,0,0,0,0,0,0,0,0,0,0,0,0,0,0
0x1C90,0,0,0,0,0,0,0,0,0,0,0,0,0,0,0,0
0x1CA0,0,0,0,0,0,0,0,0,0,0,0,0,0,0,0,0
0x1CB0,0,0,0,0,0,0,0,0,0,0,0,0,0,0,0,0
0x1CC0,0,0,0,0,0,0,0,0,0,0,0,0,0,0,0,0
0x1CD0,0,0,0,0,0,0,0,0,0,0,0,0,0,0,0,0
0x1CE0,0,0,0,0,0,0,0,0,0,0,0,0,0,0,0,0
0x1CF0,0,0,0,0,0,0,0,0,0,0,0,0,0,0,0,0
0x1D00,0,0,0,0,0,0,0,0,0,0,0,0,0,0,0,0
0x1D10,0,0,0,0,0,0,0,0,0,0,0,0,0,0,0,0
0x1D20,0,0,0,0,0,0,0,0,0,0,0,0,0,0,0,0
0x1D30,0,0,0,0,0,0,0,0,0,0,0,0,0,0,0,0
0x1D40,0,0,0,0,0,0,0,0,0,0,0,0,0,0,0,0
0x1D50,0,0,0,0,0,0,0,0,0,0,0,0,0,0,0,0
0x1D60,0,0,0,0,0,0,0,0,0,0,0,0,0,0,0,0
0x1D70,0,0,0,0,0,0,0,0,0,0,0,0,0,0,0,0
0x1D80,0,0,0,0,0,0,0,0,0,0,0,0,0,0,0,0
0x1D90,0,0,0,0,0,0,0,0,0,0,0,0,0,0,0,0
0x1DA0,0,0,0,0,0,0,0,0,0,0,0,0,0,0,0,0
0x1DB0,0,0,0,0,0,0,0,0,0,0,0,0,0,0,0,0
0x1DC0,0,0,0,0,0,0,0,0,0,0,0,0,0,0,0,0
0x1DD0,0,0,0,0,0,0,0,0,0,0,0,0,0,0,0,0
0x1DE0,0,0,0,0,0,0,0,0,0,0,0,0,0,0,0,0
0x1DF0,0,0,0,0,0,0,0,0,0,0,0,0,0,0,0,0
0x1E00,0,0,0,0,0,0,0,0,0,0,0,0,0,0,0,0
0x1E10,0,0,0,0,0,0,0,0,0,0,0,0,0,0,0,0
0x1E20,0,0,0,0,0,0,0,0,0,0,0,0,0,0,0,0
0x1E30,0,0,0,0,0,0,0,0,0,0,0,0,0,0,0,0
0x1E40,0,0,0,0,0,0,0,0,0,0,0,0,0,0,0,0
0x1E50,0,0,0,0,0,0,0,0,0,0,0,0,0,0,0,0
0x1E60,0,0,0,0,0,0,0,0,0,0,0,0,0,0,0,0
0x1E70,0,0,0,0,0,0,0,0,0,0,0,0,0,0,0,0
0x1E80,0,0,0,0,0,0,0,0,0,0,0,0,0,0,0,0
0x1E90,0,0,0,0,0,0,0,0,0,0,0,0,0,0,0,0
0x1EA0,0,0,0,0,0,0,0,0,0,0,0,0,0,0,0,0
0x1EB0,0,0,0,0,0,0,0,0,0,0,0,0,0,0,0,0
0x1EC0,0,0,0,0,0,0,0,0,0,0,0,0,0,0,0,0
0x1ED0,0,0,0,0,0,0,0,0,0,0,0,0,0,0,0,0
0x1EE0,0,0,0,0,0,0,0,0,0,0,0,0,0,0,0,0
0x1EF0,0,0,0,0,0,0,0,0,0,0,0,0,0,0,0,0
0x1F00,0,0,0,0,0,0,0,0,0,0,0,0,0,0,0,0
0x1F10,0,0,0,0,0,0,0,0,0,0,0,0,0,0,0,0
0x1F20,0,0,0,0,0,0,0,0,0,0,0,0,0,0,0,0
0x1F30,0,0,0,0,0,0,0,0,0,0,0,0,0,0,0,0
0x1F40,0,0,0,0,0,0,0,0,0,0,0,0,0,0,0,0
0x1F50,0,0,0,0,0,0,0,0,0,0,0,0,0,0,0,0
0x1F60,0,0,0,0,0,0,0,0,0,0,0,0,0,0,0,0
0x1F70,0,0,0,0,0,0,0,0,0,0,0,0,0,0,0,0
0x1F80,0,0,0,0,0,0,0,0,0,0,0,0,0,0,0,0
0x1F90,0,0,0,0,0,0,0,0,0,0,0,0,0,0,0,0
0x1FA0,0,0,0,0,0,0,0,0,0,0,0,0,0,0,0,0
0x1FB0,0,0,0,0,0,0,0,0,0,0,0,0,0,0,0,0
0x1FC0,0,0,0,0,0,0,0,0,0,0,0,0,0,0,0,0
0x1FD0,0,0,0,0,0,0,0,0,0,0,0,0,0,0,0,0
0x1FE0,0,0,0,0,0,0,0,0,0,0,0,0,0,0,0,0
0x1FF0,0,0,0,0,0,0,0,0,0,0,0,0,0,0,0,0
0x2000,0,0,0,0,0,0,0,0,0,0,0,0,0,0,0,0
0x2010,0,0,0,0,0,0,0,0,0,0,0,0,0,0,0,0
0x2020,0,0,0,0,0,0,0,0,0,0,0,0,0,0,0,0
0x2030,0,0,0,0,0,0,0,0,0,0,0,0,0,0,0,0
0x2040,0,0,0,0,0,0,0,0,0,0,0,0,0,0,0,0
0x2050,0,0,0,0,0,0,0,0,0,0,0,0,0,0,0,0
0x2060,0,0,0,0,0,0,0,0,0,0,0,0,0,0,0,0
0x2070,0,0,0,0,0,0,0,0,0,0,0,0,0,0,0,0
0x2080,0,0,0,0,0,0,0,0,0,0,0,0,0,0,0,0
0x2090,0,0,0,0,0,0,0,0,0,0,0,0,0,0,0,0
0x20A0,0,0,0,0,0,0,0,0,0,0,0,0,0,0,0,0
0x20B0,0,0,0,0,0,0,0,0,0,0,0,0,0,0,0,0
0x20C0,0,0,0,0,0,0,0,0,0,0,0,0,0,0,0,0
0x20D0,0,0,0,0,0,0,0,0,0,0,0,0,0,0,0,0
0x20E0,0,0,0,0,0,0,0,0,0,0,0,0,0,0,0,0
0x20F0,0,0,0,0,0,0,0,0,0,0,0,0,0,0,0,0
0x2100,0,0,0,0,0,0,0,0,0,0,0,0,0,0,0,0
0x2110,0,0,0,0,0,0,0,0,0,0,0,0,0,0,0,0
0x2120,0,0,0,0,0,0,0,0,0,0,0,0,0,0,0,0
0x2130,0,0,0,0,0,0,0,0,0,0,0,0,0,0,0,0
0x2140,0,0,0,0,0,0,0,0,0,0,0,0,0,0,0,0
0x2150,0,0,0,0,0,0,0,0,0,0,0,0,0,0,0,0
0x2160,0,0,0,0,0,0,0,0,0,0,0,0,0,0,0,0
0x2170,0,0,0,0,0,0,0,0,0,0,0,0,0,0,0,0
0x2180,0,0,0,0,0,0,0,0,0,0,0,0,0,0,0,0
0x2190,0,0,0,0,0,0,0,0,0,0,0,0,0,0,0,0
0x21A0,0,0,0,0,0,0,0,0,0,0,0,0,0,0,0,0
0x21B0,0,0,0,0,0,0,0,0,0,0,0,0,0,0,0,0
0x21C0,0,0,0,0,0,0,0,0,0,0,0,0,0,0,0,0
0x21D0,0,0,0,0,0,0,0,0,0,0,0,0,0,0,0,0
0x21E0,0,0,0,0,0,0,0,0,0,0,0,0,0,0,0,0
0x21F0,0,0,0,0,0,0,0,0,0,0,0,0,0,0,0,0
0x2200,0,0,0,0,0,0,0,0,0,0,0,0,0,0,0,0
0x2210,0,0,0,0,0,0,0,0,0,0,0,0,0,0,0,0
0x2220,0,0,0,0,0,0,0,0,0,0,0,0,0,0,0,0
0x2230,0,0,0,0,0,0,0,0,0,0,0,0,0,0,0,0
0x2240,0,0,0,0,0,0,0,0,0,0,0,0,0,0,0,0
0x2250,0,0,0,0,0,0,0,0,0,0,0,0,0,0,0,0
0x2260,0,0,0,0,0,0,0,0,0,0,0,0,0,0,0,0
0x2270,0,0,0,0,0,0,0,0,0,0,0,0,0,0,0,0
0x2280,0,0,0,0,0,0,0,0,0,0,0,0,0,0,0,0
0x2290,0,0,0,0,0,0,0,0,0,0,0,0,0,0,0,0
0x22A0,0,0,0,0,0,0,0,0,0,0,0,0,0,0,0,0
0x22B0,0,0,0,0,0,0,0,0,0,0,0,0,0,0,0,0
0x22C0,0,0,0,0,0,0,0,0,0,0,0,0,0,0,0,0
0x22D0,0,0,0,0,0,0,0,0,0,0,0,0,0,0,0,0
0x22E0,0,0,0,0,0,0,0,0,0,0,0,0,0,0,0,0
0x22F0,0,0,0,0,0,0,0,0,0,0,0,0,0,0,0,0
0x2300,0,0,0,0,0,0,0,0,0,0,0,0,0,0,0,0
0x2310,0,0,0,0,0,0,0,0,0,0,0,0,0,0,0,0
0x2320,0,0,0,0,0,0,0,0,0,0,0,0,0,0,0,0
0x2330,0,0,0,0,0,0,0,0,0,0,0,0,0,0,0,0
0x2340,0,0,0,0,0,0,0,0,0,0,0,0,0,0,0,0
0x2350,0,0,0,0,0,0,0,0,0,0,0,0,0,0,0,0
0x2360,0,0,0,0,0,0,0,0,0,0,0,0,0,0,0,0
0x2370,0,0,0,0,0,0,0,0,0,0,0,0,0,0,0,0
0x2380,0,0,0,0,0,0,0,0,0,0,0,0,0,0,0,0
0x2390,0,0,0,0,0,0,0,0,0,0,0,0,0,0,0,0
0x23A0,0,0,0,0,0,0,0,0,0,0,0,0,0,0,0,0
0x23B0,0,0,0,0,0,0,0,0,0,0,0,0,0,0,0,0
0x23C0,0,0,0,0,0,0,0,0,0,0,0,0,0,0,0,0
0x23D0,0,0,0,0,0,0,0,0,0,0,0,0,0,0,0,0
0x23E0,0,0,0,0,0,0,0,0,0,0,0,0,0,0,0,0
0x23F0,0,0,0,0,0,0,0,0,0,0,0,0,0,0,0,0
0x2400,0,0,0,0,0,0,0,0,0,0,0,0,0,0,0,0
0x2410,0,0,0,0,0,0,0,0,0,0,0,0,0,0,0,0
0x2420,0,0,0,0,0,0,0,0,0,0,0,0,0,0,0,0
0x2430,0,0,0,0,0,0,0,0,0,0,0,0,0,0,0,0
0x2440,0,0,0,0,0,0,0,0,0,0,0,0,0,0,0,0
0x2450,0,0,0,0,0,0,0,0,0,0,0,0,0,0,0,0
0x2460,0,0,0,0,0,0,0,0,0,0,0,0,0,0,0,0
0x2470,0,0,0,0,0,0,0,0,0,0,0,0,0,0,0,0
0x2480,0,0,0,0,0,0,0,0,0,0,0,0,0,0,0,0
0x2490,0,0,0,0,0,0,0,0,0,0,0,0,0,0,0,0
0x24A0,0,0,0,0,0,0,0,0,0,0,0,0,0,0,0,0
0x24B0,0,0,0,0,0,0,0,0,0,0,0,0,0,0,0,0
0x24C0,0,0,0,0,0,0,0,0,0,0,0,0,0,0,0,0
0x24D0,0,0,0,0,0,0,0,0,0,0,0,0,0,0,0,0
0x24E0,0,0,0,0,0,0,0,0,0,0,0,0,0,0,0,0
0x24F0,0,0,0,0,0,0,0,0,0,0,0,0,0,0,0,0
0x2500,0,0,0,0,0,0,0,0,0,0,0,0,0,0,0,0
0x2510,0,0,0,0,0,0,0,0,0,0,0,0,0,0,0,0
0x2520,0,0,0,0,0,0,0,0,0,0,0,0,0,0,0,0
0x2530,0,0,0,0,0,0,0,0,0,0,0,0,0,0,0,0
0x2540,0,0,0,0,0,0,0,0,0,0,0,0,0,0,0,0
0x2550,0,0,0,0,0,0,0,0,0,0,0,0,0,0,0,0
0x2560,0,0,0,0,0,0,0,0,0,0,0,0,0,0,0,0
0x2570,0,0,0,0,0,0,0,0,0,0,0,0,0,0,0,0
0x2580,0,0,0,0,0,0,0,0,0,0,0,0,0,0,0,0
0x2590,0,0,0,0,0,0,0,0,0,0,0,0,0,0,0,0
0x25A0,0,0,0,0,0,0,0,0,0,0,0,0,0,0,0,0
0x25B0,0,0,0,0,0,0,0,0,0,0,0,0,0,0,0,0
0x25C0,0,0,0,0,0,0,0,0,0,0,0,0,0,0,0,0
0x25D0,0,0,0,0,0,0,0,0,0,0,0,0,0,0,0,0
0x25E0,0,0,0,0,0,0,0,0,0,0,0,0,0,0,0,0
0x25F0,0,0,0,0,0,0,0,0,0,0,0,0,0,0,0,0
0x2600,0,0,0,0,0,0,0,0,0,0,0,0,0,0,0,0
0x2610,0,0,0,0,0,0,0,0,0,0,0,0,0,0,0,0
0x2620,0,0,0,0,0,0,0,0,0,0,0,0,0,0,0,0
0x2630,0,0,0,0,0,0,0,0,0,0,0,0,0,0,0,0
0x2640,0,0,0,0,0,0,0,0,0,0,0,0,0,0,0,0
0x2650,0,0,0,0,0,0,0,0,0,0,0,0,0,0,0,0
0x2660,0,0,0,0,0,0,0,0,0,0,0,0,0,0,0,0
0x2670,0,0,0,0,0,0,0,0,0,0,0,0,0,0,0,0
0x2680,0,0,0,0,0,0,0,0,0,0,0,0,0,0,0,0
0x2690,0,0,0,0,0,0,0,0,0,0,0,0,0,0,0,0
0x26A0,0,0,0,0,0,0,0,0,0,0,0,0,0,0,0,0
0x26B0,0,0,0,0,0,0,0,0,0,0,0,0,0,0,0,0
0x26C0,0,0,0,0,0,0,0,0,0,0,0,0,0,0,0,0
0x26D0,0,0,0,0,0,0,0,0,0,0,0,0,0,0,0,0
0x26E0,0,0,0,0,0,0,0,0,0,0,0,0,0,0,0,0
0x26F0,0,0,0,0,0,0,0,0,0,0,0,0,0,0,0,0
0x2700,0,0,0,0,0,0,0,0,0,0,0,0,0,0,0,0
0x2710,0,0,0,0,0,0,0,0,0,0,0,0,0,0,0,0
0x2720,0,0,0,0,0,0,0,0,0,0,0,0,0,0,0,0
0x2730,0,0,0,0,0,0,0,0,0,0,0,0,0,0,0,0
0x2740,0,0,0,0,0,0,0,0,0,0,0,0,0,0,0,0
0x2750,0,0,0,0,0,0,0,0,0,0,0,0,0,0,0,0
0x2760,0,0,0,0,0,0,0,0,0,0,0,0,0,0,0,0
0x2770,0,0,0,0,0,0,0,0,0,0,0,0,0,0,0,0
0x2780,0,0,0,0,0,0,0,0,0,0,0,0,0,0,0,0
0x2790,0,0,0,0,0,0,0,0,0,0,0,0,0,0,0,0
0x27A0,0,0,0,0,0,0,0,0,0,0,0,0,0,0,0,0
0x27B0,0,0,0,0,0,0,0,0,0,0,0,0,0,0,0,0
0x27C0,0,0,0,0,0,0,0,0,0,0,0,0,0,0,0,0
0x27D0,0,0,0,0,0,0,0,0,0,0,0,0,0,0,0,0
0x27E0,0,0,0,0,0,0,0,0,0,0,0,0,0,0,0,0
0x27F0,0,0,0,0,0,0,0,0,0,0,0,0,0,0,0,0
0x2800,0,0,0,0,0,0,0,0,0,0,0,0,0,0,0,0
0x2810,0,0,0,0,0,0,0,0,0,0,0,0,0,0,0,0
0x2820,0,0,0,0,0,0,0,0,0,0,0,0,0,0,0,0
0x2830,0,0,0,0,0,0,0,0,0,0,0,0,0,0,0,0
0x2840,0,0,0,0,0,0,0,0,0,0,0,0,0,0,0,0
0x2850,0,0,0,0,0,0,0,0,0,0,0,0,0,0,0,0
0x2860,0,0,0,0,0,0,0,0,0,0,0,0,0,0,0,0
0x2870,0,0,0,0,0,0,0,0,0,0,0,0,0,0,0,0
0x2880,0,0,0,0,0,0,0,0,0,0,0,0,0,0,0,0
0x2890,0,0,0,0,0,0,0,0,0,0,0,0,0,0,0,0
0x28A0,0,0,0,0,0,0,0,0,0,0,0,0,0,0,0,0
0x28B0,0,0,0,0,0,0,0,0,0,0,0,0,0,0,0,0
0x28C0,0,0,0,0,0,0,0,0,0,0,0,0,0,0,0,0
0x28D0,0,0,0,0,0,0,0,0,0,0,0,0,0,0,0,0
0x28E0,0,0,0,0,0,0,0,0,0,0,0,0,0,0,0,0
0x28F0,0,0,0,0,0,0,0,0,0,0,0,0,0,0,0,0
0x2900,0,0,0,0,0,0,0,0,0,0,0,0,0,0,0,0
0x2910,0,0,0,0,0,0,0,0,0,0,0,0,0,0,0,0
0x2920,0,0,0,0,0,0,0,0,0,0,0,0,0,0,0,0
0x2930,0,0,0,0,0,0,0,0,0,0,0,0,0,0,0,0
0x2940,0,0,0,0,0,0,0,0,0,0,0,0,0,0,0,0
0x2950,0,0,0,0,0,0,0,0,0,0,0,0,0,0,0,0
0x2960,0,0,0,0,0,0,0,0,0,0,0,0,0,0,0,0
0x2970,0,0,0,0,0,0,0,0,0,0,0,0,0,0,0,0
0x2980,0,0,0,0,0,0,0,0,0,0,0,0,0,0,0,0
0x2990,0,0,0,0,0,0,0,0,0,0,0,0,0,0,0,0
0x29A0,0,0,0,0,0,0,0,0,0,0,0,0,0,0,0,0
0x29B0,0,0,0,0,0,0,0,0,0,0,0,0,0,0,0,0
0x29C0,0,0,0,0,0,0,0,0,0,0,0,0,0,0,0,0
0x29D0,0,0,0,0,0,0,0,0,0,0,0,0,0,0,0,0
0x29E0,0,0,0,0,0,0,0,0,0,0,0,0,0,0,0,0
0x29F0,0,0,0,0,0,0,0,0,0,0,0,0,0,0,0,0
0x2A00,0,0,0,0,0,0,0,0,0,0,0,0,0,0,0,0
0x2A10,0,0,0,0,0,0,0,0,0,0,0,0,0,0,0,0
0x2A20,0,0,0,0,0,0,0,0,0,0,0,0,0,0,0,0
0x2A30,0,0,0,0,0,0,0,0,0,0,0,0,0,0,0,0
0x2A40,0,0,0,0,0,0,0,0,0,0,0,0,0,0,0,0
0x2A50,0,0,0,0,0,0,0,0,0,0,0,0,0,0,0,0
0x2A60,0,0,0,0,0,0,0,0,0,0,0,0,0,0,0,0
0x2A70,0,0,0,0,0,0,0,0,0,0,0,0,0,0,0,0
0x2A80,0,0,0,0,0,0,0,0,0,0,0,0,0,0,0,0
0x2A90,0,0,0,0,0,0,0,0,0,0,0,0,0,0,0,0
0x2AA0,0,0,0,0,0,0,0,0,0,0,0,0,0,0,0,0
0x2AB0,0,0,0,0,0,0,0,0,0,0,0,0,0,0,0,0
0x2AC0,0,0,0,0,0,0,0,0,0,0,0,0,0,0,0,0
0x2AD0,0,0,0,0,0,0,0,0,0,0,0,0,0,0,0,0
0x2AE0,0,0,0,0,0,0,0,0,0,0,0,0,0,0,0,0
0x2AF0,0,0,0,0,0,0,0,0,0,0,0,0,0,0,0,0
0x2B00,0,0,0,0,0,0,0,0,0,0,0,0,0,0,0,0
0x2B10,0,0,0,0,0,0,0,0,0,0,0,0,0,0,0,0
0x2B20,0,0,0,0,0,0,0,0,0,0,0,0,0,0,0,0
0x2B30,0,0,0,0,0,0,0,0,0,0,0,0,0,0,0,0
0x2B40,0,0,0,0,0,0,0,0,0,0,0,0,0,0,0,0
0x2B50,0,0,0,0,0,0,0,0,0,0,0,0,0,0,0,0
0x2B60,0,0,0,0,0,0,0,0,0,0,0,0,0,0,0,0
0x2B70,0,0,0,0,0,0,0,0,0,0,0,0,0,0,0,0
0x2B80,0,0,0,0,0,0,0,0,0,0,0,0,0,0,0,0
0x2B90,0,0,0,0,0,0,0,0,0,0,0,0,0,0,0,0
0x2BA0,0,0,0,0,0,0,0,0,0,0,0,0,0,0,0,0
0x2BB0,0,0,0,0,0,0,0,0,0,0,0,0,0,0,0,0
0x2BC0,0,0,0,0,0,0,0,0,0,0,0,0,0,0,0,0
0x2BD0,0,0,0,0,0,0,0,0,0,0,0,0,0,0,0,0
0x2BE0,0,0,0,0,0,0,0,0,0,0,0,0,0,0,0,0
0x2BF0,0,0,0,0,0,0,0,0,0,0,0,0,0,0,0,0
0x2C00,0,0,0,0,0,0,0,0,0,0,0,0,0,0,0,0
0x2C10,0,0,0,0,0,0,0,0,0,0,0,0,0,0,0,0
0x2C20,0,0,0,0,0,0,0,0,0,0,0,0,0,0,0,0
0x2C30,0,0,0,0,0,0,0,0,0,0,0,0,0,0,0,0
0x2C40,0,0,0,0,0,0,0,0,0,0,0,0,0,0,0,0
0x2C50,0,0,0,0,0,0,0,0,0,0,0,0,0,0,0,0
0x2C60,0,0,0,0,0,0,0,0,0,0,0,0,0,0,0,0
0x2C70,0,0,0,0,0,0,0,0,0,0,0,0,0,0,0,0
0x2C80,0,0,0,0,0,0,0,0,0,0,0,0,0,0,0,0
0x2C90,0,0,0,0,0,0,0,0,0,0,0,0,0,0,0,0
0x2CA0,0,0,0,0,0,0,0,0,0,0,0,0,0,0,0,0
0x2CB0,0,0,0,0,0,0,0,0,0,0,0,0,0,0,0,0
0x2CC0,0,0,0,0,0,0,0,0,0,0,0,0,0,0,0,0
0x2CD0,0,0,0,0,0,0,0,0,0,0,0,0,0,0,0,0
0x2CE0,0,0,0,0,0,0,0,0,0,0,0,0,0,0,0,0
0x2CF0,0,0,0,0,0,0,0,0,0,0,0,0,0,0,0,0
0x2D00,0,0,0,0,0,0,0,0,0,0,0,0,0,0,0,0
0x2D10,0,0,0,0,0,0,0,0,0,0,0,0,0,0,0,0
0x2D20,0,0,0,0,0,0,0,0,0,0,0,0,0,0,0,0
0x2D30,0,0,0,0,0,0,0,0,0,0,0,0,0,0,0,0
0x2D40,0,0,0,0,0,0,0,0,0,0,0,0,0,0,0,0
0x2D50,0,0,0,0,0,0,0,0,0,0,0,0,0,0,0,0
0x2D60,0,0,0,0,0,0,0,0,0,0,0,0,0,0,0,0
0x2D70,0,0,0,0,0,0,0,0,0,0,0,0,0,0,0,0
0x2D80,0,0,0,0,0,0,0,0,0,0,0,0,0,0,0,0
0x2D90,0,0,0,0,0,0,0,0,0,0,0,0,0,0,0,0
0x2DA0,0,0,0,0,0,0,0,0,0,0,0,0,0,0,0,0
0x2DB0,0,0,0,0,0,0,0,0,0,0,0,0,0,0,0,0
0x2DC0,0,0,0,0,0,0,0,0,0,0,0,0,0,0,0,0
0x2DD0,0,0,0,0,0,0,0,0,0,0,0,0,0,0,0,0
0x2DE0,0,0,0,0,0,0,0,0,0,0,0,0,0,0,0,0
0x2DF0,0,0,0,0,0,0,0,0,0,0,0,0,0,0,0,0
0x2E00,0,0,0,0,0,0,0,0,0,0,0,0,0,0,0,0
0x2E10,0,0,0,0,0,0,0,0,0,0,0,0,0,0,0,0
0x2E20,0,0,0,0,0,0,0,0,0,0,0,0,0,0,0,0
0x2E30,0,0,0,0,0,0,0,0,0,0,0,0,0,0,0,0
0x2E40,0,0,0,0,0,0,0,0,0,0,0,0,0,0,0,0
0x2E50,0,0,0,0,0,0,0,0,0,0,0,0,0,0,0,0
0x2E60,0,0,0,0,0,0,0,0,0,0,0,0,0,0,0,0
0x2E70,0,0,0,0,0,0,0,0,0,0,0,0,0,0,0,0
0x2E80,0,0,0,0,0,0,0,0,0,0,0,0,0,0,0,0
0x2E90,0,0,0,0,0,0,0,0,0,0,0,0,0,0,0,0
0x2EA0,0,0,0,0,0,0,0,0,0,0,0,0,0,0,0,0
0x2EB0,0,0,0,0,0,0,0,0,0,0,0,0,0,0,0,0
0x2EC0,0,0,0,0,0,0,0,0,0,0,0,0,0,0,0,0
0x2ED0,0,0,0,0,0,0,0,0,0,0,0,0,0,0,0,0
0x2EE0,0,0,0,0,0,0,0,0,0,0,0,0,0,0,0,0
0x2EF0,0,0,0,0,0,0,0,0,0,0,0,0,0,0,0,0
0x2F00,0,0,0,0,0,0,0,0,0,0,0,0,0,0,0,0
0x2F10,0,0,0,0,0,0,0,0,0,0,0,0,0,0,0,0
0x2F20,0,0,0,0,0,0,0,0,0,0,0,0,0,0,0,0
0x2F30,0,0,0,0,0,0,0,0,0,0,0,0,0,0,0,0
0x2F40,0,0,0,0,0,0,0,0,0,0,0,0,0,0,0,0
0x2F50,0,0,0,0,0,0,0,0,0,0,0,0,0,0,0,0
0x2F60,0,0,0,0,0,0,0,0,0,0,0,0,0,0,0,0
0x2F70,0,0,0,0,0,0,0,0,0,0,0,0,0,0,0,0
0x2F80,0,0,0,0,0,0,0,0,0,0,0,0,0,0,0,0
0x2F90,0,0,0,0,0,0,0,0,0,0,0,0,0,0,0,0
0x2FA0,0,0,0,0,0,0,0,0,0,0,0,0,0,0,0,0
0x2FB0,0,0,0,0,0,0,0,0,0,0,0,0,0,0,0,0
0x2FC0,0,0,0,0,0,0,0,0,0,0,0,0,0,0,0,0
0x2FD0,0,0,0,0,0,0,0,0,0,0,0,0,0,0,0,0
0x2FE0,0,0,0,0,0,0,0,0,0,0,0,0,0,0,0,0
0x2FF0,0,0,0,0,0,0,0,0,0,0,0,0,0,0,0,0
0x3000,0,0,0,0,0,0,0,0,0,0,0,0,0,0,0,0
0x3010,0,0,0,0,0,0,0,0,0,0,0,0,0,0,0,0
0x3020,0,0,0,0,0,0,0,0,0,0,0,0,0,0,0,0
0x3030,0,0,0,0,0,0,0,0,0,0,0,0,0,0,0,0
0x3040,0,0,0,0,0,0,0,0,0,0,0,0,0,0,0,0
0x3050,0,0,0,0,0,0,0,0,0,0,0,0,0,0,0,0
0x3060,0,0,0,0,0,0,0,0,0,0,0,0,0,0,0,0
0x3070,0,0,0,0,0,0,0,0,0,0,0,0,0,0,0,0
0x3080,0,0,0,0,0,0,0,0,0,0,0,0,0,0,0,0
0x3090,0,0,0,0,0,0,0,0,0,0,0,0,0,0,0,0
0x30A0,0,0,0,0,0,0,0,0,0,0,0,0,0,0,0,0
0x30B0,0,0,0,0,0,0,0,0,0,0,0,0,0,0,0,0
0x30C0,0,0,0,0,0,0,0,0,0,0,0,0,0,0,0,0
0x30D0,0,0,0,0,0,0,0,0,0,0,0,0,0,0,0,0
0x30E0,0,0,0,0,0,0,0,0,0,0,0,0,0,0,0,0
0x30F0,0,0,0,0,0,0,0,0,0,0,0,0,0,0,0,0
0x3100,0,0,0,0,0,0,0,0,0,0,0,0,0,0,0,0
0x3110,0,0,0,0,0,0,0,0,0,0,0,0,0,0,0,0
0x3120,0,0,0,0,0,0,0,0,0,0,0,0,0,0,0,0
0x3130,0,0,0,0,0,0,0,0,0,0,0,0,0,0,0,0
0x3140,0,0,0,0,0,0,0,0,0,0,0,0,0,0,0,0
0x3150,0,0,0,0,0,0,0,0,0,0,0,0,0,0,0,0
0x3160,0,0,0,0,0,0,0,0,0,0,0,0,0,0,0,0
0x3170,0,0,0,0,0,0,0,0,0,0,0,0,0,0,0,0
0x3180,0,0,0,0,0,0,0,0,0,0,0,0,0,0,0,0
0x3190,0,0,0,0,0,0,0,0,0,0,0,0,0,0,0,0
0x31A0,0,0,0,0,0,0,0,0,0,0,0,0,0,0,0,0
0x31B0,0,0,0,0,0,0,0,0,0,0,0,0,0,0,0,0
0x31C0,0,0,0,0,0,0,0,0,0,0,0,0,0,0,0,0
0x31D0,0,0,0,0,0,0,0,0,0,0,0,0,0,0,0,0
0x31E0,0,0,0,0,0,0,0,0,0,0,0,0,0,0,0,0
0x31F0,0,0,0,0,0,0,0,0,0,0,0,0,0,0,0,0
0x3200,0,0,0,0,0,0,0,0,0,0,0,0,0,0,0,0
0x3210,0,0,0,0,0,0,0,0,0,0,0,0,0,0,0,0
0x3220,0,0,0,0,0,0,0,0,0,0,0,0,0,0,0,0
0x3230,0,0,0,0,0,0,0,0,0,0,0,0,0,0,0,0
0x3240,0,0,0,0,0,0,0,0,0,0,0,0,0,0,0,0
0x3250,0,0,0,0,0,0,0,0,0,0,0,0,0,0,0,0
0x3260,0,0,0,0,0,0,0,0,0,0,0,0,0,0,0,0
0x3270,0,0,0,0,0,0,0,0,0,0,0,0,0,0,0,0
0x3280,0,0,0,0,0,0,0,0,0,0,0,0,0,0,0,0
0x3290,0,0,0,0,0,0,0,0,0,0,0,0,0,0,0,0
0x32A0,0,0,0,0,0,0,0,0,0,0,0,0,0,0,0,0
0x32B0,0,0,0,0,0,0,0,0,0,0,0,0,0,0,0,0
0x32C0,0,0,0,0,0,0,0,0,0,0,0,0,0,0,0,0
0x32D0,0,0,0,0,0,0,0,0,0,0,0,0,0,0,0,0
0x32E0,0,0,0,0,0,0,0,0,0,0,0,0,0,0,0,0
0x32F0,0,0,0,0,0,0,0,0,0,0,0,0,0,0,0,0
0x3300,0,0,0,0,0,0,0,0,0,0,0,0,0,0,0,0
0x3310,0,0,0,0,0,0,0,0,0,0,0,0,0,0,0,0
0x3320,0,0,0,0,0,0,0,0,0,0,0,0,0,0,0,0
0x3330,0,0,0,0,0,0,0,0,0,0,0,0,0,0,0,0
0x3340,0,0,0,0,0,0,0,0,0,0,0,0,0,0,0,0
0x3350,0,0,0,0,0,0,0,0,0,0,0,0,0,0,0,0
0x3360,0,0,0,0,0,0,0,0,0,0,0,0,0,0,0,0
0x3370,0,0,0,0,0,0,0,0,0,0,0,0,0,0,0,0
0x3380,0,0,0,0,0,0,0,0,0,0,0,0,0,0,0,0
0x3390,0,0,0,0,0,0,0,0,0,0,0,0,0,0,0,0
0x33A0,0,0,0,0,0,0,0,0,0,0,0,0,0,0,0,0
0x33B0,0,0,0,0,0,0,0,0,0,0,0,0,0,0,0,0
0x33C0,0,0,0,0,0,0,0,0,0,0,0,0,0,0,0,0
0x33D0,0,0,0,0,0,0,0,0,0,0,0,0,0,0,0,0
0x33E0,0,0,0,0,0,0,0,0,0,0,0,0,0,0,0,0
0x33F0,0,0,0,0,0,0,0,0,0,0,0,0,0,0,0,0
0x3400,0,0,0,0,0,0,0,0,0,0,0,0,0,0,0,0
0x3410,0,0,0,0,0,0,0,0,0,0,0,0,0,0,0,0
0x3420,0,0,0,0,0,0,0,0,0,0,0,0,0,0,0,0
0x3430,0,0,0,0,0,0,0,0,0,0,0,0,0,0,0,0
0x3440,0,0,0,0,0,0,0,0,0,0,0,0,0,0,0,0
0x3450,0,0,0,0,0,0,0,0,0,0,0,0,0,0,0,0
0x3460,0,0,0,0,0,0,0,0,0,0,0,0,0,0,0,0
0x3470,0,0,0,0,0,0,0,0,0,0,0,0,0,0,0,0
0x3480,0,0,0,0,0,0,0,0,0,0,0,0,0,0,0,0
0x3490,0,0,0,0,0,0,0,0,0,0,0,0,0,0,0,0
0x34A0,0,0,0,0,0,0,0,0,0,0,0,0,0,0,0,0
0x34B0,0,0,0,0,0,0,0,0,0,0,0,0,0,0,0,0
0x34C0,0,0,0,0,0,0,0,0,0,0,0,0,0,0,0,0
0x34D0,0,0,0,0,0,0,0,0,0,0,0,0,0,0,0,0
0x34E0,0,0,0,0,0,0,0,0,0,0,0,0,0,0,0,0
0x34F0,0,0,0,0,0,0,0,0,0,0,0,0,0,0,0,0
0x3500,0,0,0,0,0,0,0,0,0,0,0,0,0,0,0,0
0x3510,0,0,0,0,0,0,0,0,0,0,0,0,0,0,0,0
0x3520,0,0,0,0,0,0,0,0,0,0,0,0,0,0,0,0
0x3530,0,0,0,0,0,0,0,0,0,0,0,0,0,0,0,0
0x3540,0,0,0,0,0,0,0,0,0,0,0,0,0,0,0,0
0x3550,0,0,0,0,0,0,0,0,0,0,0,0,0,0,0,0
0x3560,0,0,0,0,0,0,0,0,0,0,0,0,0,0,0,0
0x3570,0,0,0,0,0,0,0,0,0,0,0,0,0,0,0,0
0x3580,0,0,0,0,0,0,0,0,0,0,0,0,0,0,0,0
0x3590,0,0,0,0,0,0,0,0,0,0,0,0,0,0,0,0
0x35A0,0,0,0,0,0,0,0,0,0,0,0,0,0,0,0,0
0x35B0,0,0,0,0,0,0,0,0,0,0,0,0,0,0,0,0
0x35C0,0,0,0,0,0,0,0,0,0,0,0,0,0,0,0,0
0x35D0,0,0,0,0,0,0,0,0,0,0,0,0,0,0,0,0
0x35E0,0,0,0,0,0,0,0,0,0,0,0,0,0,0,0,0
0x35F0,0,0,0,0,0,0,0,0,0,0,0,0,0,0,0,0
0x3600,0,0,0,0,0,0,0,0,0,0,0,0,0,0,0,0
0x3610,0,0,0,0,0,0,0,0,0,0,0,0,0,0,0,0
0x3620,0,0,0,0,0,0,0,0,0,0,0,0,0,0,0,0
0x3630,0,0,0,0,0,0,0,0,0,0,0,0,0,0,0,0
0x3640,0,0,0,0,0,0,0,0,0,0,0,0,0,0,0,0
0x3650,0,0,0,0,0,0,0,0,0,0,0,0,0,0,0,0
0x3660,0,0,0,0,0,0,0,0,0,0,0,0,0,0,0,0
0x3670,0,0,0,0,0,0,0,0,0,0,0,0,0,0,0,0
0x3680,0,0,0,0,0,0,0,0,0,0,0,0,0,0,0,0
0x3690,0,0,0,0,0,0,0,0,0,0,0,0,0,0,0,0
0x36A0,0,0,0,0,0,0,0,0,0,0,0,0,0,0,0,0
0x36B0,0,0,0,0,0,0,0,0,0,0,0,0,0,0,0,0
0x36C0,0,0,0,0,0,0,0,0,0,0,0,0,0,0,0,0
0x36D0,0,0,0,0,0,0,0,0,0,0,0,0,0,0,0,0
0x36E0,0,0,0,0,0,0,0,0,0,0,0,0,0,0,0,0
0x36F0,0,0,0,0,0,0,0,0,0,0,0,0,0,0,0,0
0x3700,0,0,0,0,0,0,0,0,0,0,0,0,0,0,0,0
0x3710,0,0,0,0,0,0,0,0,0,0,0,0,0,0,0,0
0x3720,0,0,0,0,0,0,0,0,0,0,0,0,0,0,0,0
0x3730,0,0,0,0,0,0,0,0,0,0,0,0,0,0,0,0
0x3740,0,0,0,0,0,0,0,0,0,0,0,0,0,0,0,0
0x3750,0,0,0,0,0,0,0,0,0,0,0,0,0,0,0,0
0x3760,0,0,0,0,0,0,0,0,0,0,0,0,0,0,0,0
0x3770,0,0,0,0,0,0,0,0,0,0,0,0,0,0,0,0
0x3780,0,0,0,0,0,0,0,0,0,0,0,0,0,0,0,0
0x3790,0,0,0,0,0,0,0,0,0,0,0,0,0,0,0,0
0x37A0,0,0,0,0,0,0,0,0,0,0,0,0,0,0,0,0
0x37B0,0,0,0,0,0,0,0,0,0,0,0,0,0,0,0,0
0x37C0,0,0,0,0,0,0,0,0,0,0,0,0,0,0,0,0
0x37D0,0,0,0,0,0,0,0,0,0,0,0,0,0,0,0,0
0x37E0,0,0,0,0,0,0,0,0,0,0,0,0,0,0,0,0
0x37F0,0,0,0,0,0,0,0,0,0,0,0,0,0,0,0,0
0x3800,0,0,0,0,0,0,0,0,0,0,0,0,0,0,0,0
0x3810,0,0,0,0,0,0,0,0,0,0,0,0,0,0,0,0
0x3820,0,0,0,0,0,0,0,0,0,0,0,0,0,0,0,0
0x3830,0,0,0,0,0,0,0,0,0,0,0,0,0,0,0,0
0x3840,0,0,0,0,0,0,0,0,0,0,0,0,0,0,0,0
0x3850,0,0,0,0,0,0,0,0,0,0,0,0,0,0,0,0
0x3860,0,0,0,0,0,0,0,0,0,0,0,0,0,0,0,0
0x3870,0,0,0,0,0,0,0,0,0,0,0,0,0,0,0,0
0x3880,0,0,0,0,0,0,0,0,0,0,0,0,0,0,0,0
0x3890,0,0,0,0,0,0,0,0,0,0,0,0,0,0,0,0
0x38A0,0,0,0,0,0,0,0,0,0,0,0,0,0,0,0,0
0x38B0,0,0,0,0,0,0,0,0,0,0,0,0,0,0,0,0
0x38C0,0,0,0,0,0,0,0,0,0,0,0,0,0,0,0,0
0x38D0,0,0,0,0,0,0,0,0,0,0,0,0,0,0,0,0
0x38E0,0,0,0,0,0,0,0,0,0,0,0,0,0,0,0,0
0x38F0,0,0,0,0,0,0,0,0,0,0,0,0,0,0,0,0
0x3900,0,0,0,0,0,0,0,0,0,0,0,0,0,0,0,0
0x3910,0,0,0,0,0,0,0,0,0,0,0,0,0,0,0,0
0x3920,0,0,0,0,0,0,0,0,0,0,0,0,0,0,0,0
0x3930,0,0,0,0,0,0,0,0,0,0,0,0,0,0,0,0
0x3940,0,0,0,0,0,0,0,0,0,0,0,0,0,0,0,0
0x3950,0,0,0,0,0,0,0,0,0,0,0,0,0,0,0,0
0x3960,0,0,0,0,0,0,0,0,0,0,0,0,0,0,0,0
0x3970,0,0,0,0,0,0,0,0,0,0,0,0,0,0,0,0
0x3980,0,0,0,0,0,0,0,0,0,0,0,0,0,0,0,0
0x3990,0,0,0,0,0,0,0,0,0,0,0,0,0,0,0,0
0x39A0,0,0,0,0,0,0,0,0,0,0,0,0,0,0,0,0
0x39B0,0,0,0,0,0,0,0,0,0,0,0,0,0,0,0,0
0x39C0,0,0,0,0,0,0,0,0,0,0,0,0,0,0,0,0
0x39D0,0,0,0,0,0,0,0,0,0,0,0,0,0,0,0,0
0x39E0,0,0,0,0,0,0,0,0,0,0,0,0,0,0,0,0
0x39F0,0,0,0,0,0,0,0,0,0,0,0,0,0,0,0,0
0x3A00,0,0,0,0,0,0,0,0,0,0,0,0,0,0,0,0
0x3A10,0,0,0,0,0,0,0,0,0,0,0,0,0,0,0,0
0x3A20,0,0,0,0,0,0,0,0,0,0,0,0,0,0,0,0
0x3A30,0,0,0,0,0,0,0,0,0,0,0,0,0,0,0,0
0x3A40,0,0,0,0,0,0,0,0,0,0,0,0,0,0,0,0
0x3A50,0,0,0,0,0,0,0,0,0,0,0,0,0,0,0,0
0x3A60,0,0,0,0,0,0,0,0,0,0,0,0,0,0,0,0
0x3A70,0,0,0,0,0,0,0,0,0,0,0,0,0,0,0,0
0x3A80,0,0,0,0,0,0,0,0,0,0,0,0,0,0,0,0
0x3A90,0,0,0,0,0,0,0,0,0,0,0,0,0,0,0,0
0x3AA0,0,0,0,0,0,0,0,0,0,0,0,0,0,0,0,0
0x3AB0,0,0,0,0,0,0,0,0,0,0,0,0,0,0,0,0
0x3AC0,0,0,0,0,0,0,0,0,0,0,0,0,0,0,0,0
0x3AD0,0,0,0,0,0,0,0,0,0,0,0,0,0,0,0,0
0x3AE0,0,0,0,0,0,0,0,0,0,0,0,0,0,0,0,0
0x3AF0,0,0,0,0,0,0,0,0,0,0,0,0,0,0,0,0
0x3B00,0,0,0,0,0,0,0,0,0,0,0,0,0,0,0,0
0x3B10,0,0,0,0,0,0,0,0,0,0,0,0,0,0,0,0
0x3B20,0,0,0,0,0,0,0,0,0,0,0,0,0,0,0,0
0x3B30,0,0,0,0,0,0,0,0,0,0,0,0,0,0,0,0
0x3B40,0,0,0,0,0,0,0,0,0,0,0,0,0,0,0,0
0x3B50,0,0,0,0,0,0,0,0,0,0,0,0,0,0,0,0
0x3B60,0,0,0,0,0,0,0,0,0,0,0,0,0,0,0,0
0x3B70,0,0,0,0,0,0,0,0,0,0,0,0,0,0,0,0
0x3B80,0,0,0,0,0,0,0,0,0,0,0,0,0,0,0,0
0x3B90,0,0,0,0,0,0,0,0,0,0,0,0,0,0,0,0
0x3BA0,0,0,0,0,0,0,0,0,0,0,0,0,0,0,0,0
0x3BB0,0,0,0,0,0,0,0,0,0,0,0,0,0,0,0,0
0x3BC0,0,0,0,0,0,0,0,0,0,0,0,0,0,0,0,0
0x3BD0,0,0,0,0,0,0,0,0,0,0,0,0,0,0,0,0
0x3BE0,0,0,0,0,0,0,0,0,0,0,0,0,0,0,0,0
0x3BF0,0,0,0,0,0,0,0,0,0,0,0,0,0,0,0,0
0x3C00,0,0,0,0,0,0,0,0,0,0,0,0,0,0,0,0
0x3C10,0,0,0,0,0,0,0,0,0,0,0,0,0,0,0,0
0x3C20,0,0,0,0,0,0,0,0,0,0,0,0,0,0,0,0
0x3C30,0,0,0,0,0,0,0,0,0,0,0,0,0,0,0,0
0x3C40,0,0,0,0,0,0,0,0,0,0,0,0,0,0,0,0
0x3C50,0,0,0,0,0,0,0,0,0,0,0,0,0,0,0,0
0x3C60,0,0,0,0,0,0,0,0,0,0,0,0,0,0,0,0
0x3C70,0,0,0,0,0,0,0,0,0,0,0,0,0,0,0,0
0x3C80,0,0,0,0,0,0,0,0,0,0,0,0,0,0,0,0
0x3C90,0,0,0,0,0,0,0,0,0,0,0,0,0,0,0,0
0x3CA0,0,0,0,0,0,0,0,0,0,0,0,0,0,0,0,0
0x3CB0,0,0,0,0,0,0,0,0,0,0,0,0,0,0,0,0
0x3CC0,0,0,0,0,0,0,0,0,0,0,0,0,0,0,0,0
0x3CD0,0,0,0,0,0,0,0,0,0,0,0,0,0,0,0,0
0x3CE0,0,0,0,0,0,0,0,0,0,0,0,0,0,0,0,0
0x3CF0,0,0,0,0,0,0,0,0,0,0,0,0,0,0,0,0
0x3D00,0,0,0,0,0,0,0,0,0,0,0,0,0,0,0,0
0x3D10,0,0,0,0,0,0,0,0,0,0,0,0,0,0,0,0
0x3D20,0,0,0,0,0,0,0,0,0,0,0,0,0,0,0,0
0x3D30,0,0,0,0,0,0,0,0,0,0,0,0,0,0,0,0
0x3D40,0,0,0,0,0,0,0,0,0,0,0,0,0,0,0,0
0x3D50,0,0,0,0,0,0,0,0,0,0,0,0,0,0,0,0
0x3D60,0,0,0,0,0,0,0,0,0,0,0,0,0,0,0,0
0x3D70,0,0,0,0,0,0,0,0,0,0,0,0,0,0,0,0
0x3D80,0,0,0,0,0,0,0,0,0,0,0,0,0,0,0,0
0x3D90,0,0,0,0,0,0,0,0,0,0,0,0,0,0,0,0
0x3DA0,0,0,0,0,0,0,0,0,0,0,0,0,0,0,0,0
0x3DB0,0,0,0,0,0,0,0,0,0,0,0,0,0,0,0,0
0x3DC0,0,0,0,0,0,0,0,0,0,0,0,0,0,0,0,0
0x3DD0,0,0,0,0,0,0,0,0,0,0,0,0,0,0,0,0
0x3DE0,0,0,0,0,0,0,0,0,0,0,0,0,0,0,0,0
0x3DF0,0,0,0,0,0,0,0,0,0,0,0,0,0,0,0,0
0x3E00,0,0,0,0,0,0,0,0,0,0,0,0,0,0,0,0
0x3E10,0,0,0,0,0,0,0,0,0,0,0,0,0,0,0,0
0x3E20,0,0,0,0,0,0,0,0,0,0,0,0,0,0,0,0
0x3E30,0,0,0,0,0,0,0,0,0,0,0,0,0,0,0,0
0x3E40,0,0,0,0,0,0,0,0,0,0,0,0,0,0,0,0
0x3E50,0,0,0,0,0,0,0,0,0,0,0,0,0,0,0,0
0x3E60,0,0,0,0,0,0,0,0,0,0,0,0,0,0,0,0
0x3E70,0,0,0,0,0,0,0,0,0,0,0,0,0,0,0,0
0x3E80,0,0,0,0,0,0,0,0,0,0,0,0,0,0,0,0
0x3E90,0,0,0,0,0,0,0,0,0,0,0,0,0,0,0,0
0x3EA0,0,0,0,0,0,0,0,0,0,0,0,0,0,0,0,0
0x3EB0,0,0,0,0,0,0,0,0,0,0,0,0,0,0,0,0
0x3EC0,0,0,0,0,0,0,0,0,0,0,0,0,0,0,0,0
0x3ED0,0,0,0,0,0,0,0,0,0,0,0,0,0,0,0,0
0x3EE0,0,0,0,0,0,0,0,0,0,0,0,0,0,0,0,0
0x3EF0,0,0,0,0,0,0,0,0,0,0,0,0,0,0,0,0
0x3F00,0,0,0,0,0,0,0,0,0,0,0,0,0,0,0,0
0x3F10,0,0,0,0,0,0,0,0,0,0,0,0,0,0,0,0
0x3F20,0,0,0,0,0,0,0,0,0,0,0,0,0,0,0,0
0x3F30,0,0,0,0,0,0,0,0,0,0,0,0,0,0,0,0
0x3F40,0,0,0,0,0,0,0,0,0,0,0,0,0,0,0,0
0x3F50,0,0,0,0,0,0,0,0,0,0,0,0,0,0,0,0
0x3F60,0,0,0,0,0,0,0,0,0,0,0,0,0,0,0,0
0x3F70,0,0,0,0,0,0,0,0,0,0,0,0,0,0,0,0
0x3F80,0,0,0,0,0,0,0,0,0,0,0,0,0,0,0,0
0x3F90,0,0,0,0,0,0,0,0,0,0,0,0,0,0,0,0
0x3FA0,0,0,0,0,0,0,0,0,0,0,0,0,0,0,0,0
0x3FB0,0,0,0,0,0,0,0,0,0,0,0,0,0,0,0,0
0x3FC0,0,0,0,0,0,0,0,0,0,0,0,0,0,0,0,0
0x3FD0,0,0,0,0,0,0,0,0,0,0,0,0,0,0,0,0
0x3FE0,0,0,0,0,0,0,0,0,0,0,0,0,0,0,0,0
0x3FF0,0,0,0,0,0,0,0,0,0,0,0,0,0,0,0,0
0x4000,0,0,0,0,0,0,0,0,0,0,0,0,0,0,0,0
0x4010,0,0,0,0,0,0,0,0,0,0,0,0,0,0,0,0
0x4020,0,0,0,0,0,0,0,0,0,0,0,0,0,0,0,0
0x4030,0,0,0,0,0,0,0,0,0,0,0,0,0,0,0,0
0x4040,0,0,0,0,0,0,0,0,0,0,0,0,0,0,0,0
0x4050,0,0,0,0,0,0,0,0,0,0,0,0,0,0,0,0
0x4060,0,0,0,0,0,0,0,0,0,0,0,0,0,0,0,0
0x4070,0,0,0,0,0,0,0,0,0,0,0,0,0,0,0,0
0x4080,0,0,0,0,0,0,0,0,0,0,0,0,0,0,0,0
0x4090,0,0,0,0,0,0,0,0,0,0,0,0,0,0,0,0
0x40A0,0,0,0,0,0,0,0,0,0,0,0,0,0,0,0,0
0x40B0,0,0,0,0,0,0,0,0,0,0,0,0,0,0,0,0
0x40C0,0,0,0,0,0,0,0,0,0,0,0,0,0,0,0,0
0x40D0,0,0,0,0,0,0,0,0,0,0,0,0,0,0,0,0
0x40E0,0,0,0,0,0,0,0,0,0,0,0,0,0,0,0,0
0x40F0,0,0,0,0,0,0,0,0,0,0,0,0,0,0,0,0
0x4100,0,0,0,0,0,0,0,0,0,0,0,0,0,0,0,0
0x4110,0,0,0,0,0,0,0,0,0,0,0,0,0,0,0,0
0x4120,0,0,0,0,0,0,0,0,0,0,0,0,0,0,0,0
0x4130,0,0,0,0,0,0,0,0,0,0,0,0,0,0,0,0
0x4140,0,0,0,0,0,0,0,0,0,0,0,0,0,0,0,0
0x4150,0,0,0,0,0,0,0,0,0,0,0,0,0,0,0,0
0x4160,0,0,0,0,0,0,0,0,0,0,0,0,0,0,0,0
0x4170,0,0,0,0,0,0,0,0,0,0,0,0,0,0,0,0
0x4180,0,0,0,0,0,0,0,0,0,0,0,0,0,0,0,0
0x4190,0,0,0,0,0,0,0,0,0,0,0,0,0,0,0,0
0x41A0,0,0,0,0,0,0,0,0,0,0,0,0,0,0,0,0
0x41B0,0,0,0,0,0,0,0,0,0,0,0,0,0,0,0,0
0x41C0,0,0,0,0,0,0,0,0,0,0,0,0,0,0,0,0
0x41D0,0,0,0,0,0,0,0,0,0,0,0,0,0,0,0,0
0x41E0,0,0,0,0,0,0,0,0,0,0,0,0,0,0,0,0
0x41F0,0,0,0,0,0,0,0,0,0,0,0,0,0,0,0,0
0x4200,0,0,0,0,0,0,0,0,0,0,0,0,0,0,0,0
0x4210,0,0,0,0,0,0,0,0,0,0,0,0,0,0,0,0
0x4220,0,0,0,0,0,0,0,0,0,0,0,0,0,0,0,0
0x4230,0,0,0,0,0,0,0,0,0,0,0,0,0,0,0,0
0x4240,0,0,0,0,0,0,0,0,0,0,0,0,0,0,0,0
0x4250,0,0,0,0,0,0,0,0,0,0,0,0,0,0,0,0
0x4260,0,0,0,0,0,0,0,0,0,0,0,0,0,0,0,0
0x4270,0,0,0,0,0,0,0,0,0,0,0,0,0,0,0,0
0x4280,0,0,0,0,0,0,0,0,0,0,0,0,0,0,0,0
0x4290,0,0,0,0,0,0,0,0,0,0,0,0,0,0,0,0
0x42A0,0,0,0,0,0,0,0,0,0,0,0,0,0,0,0,0
0x42B0,0,0,0,0,0,0,0,0,0,0,0,0,0,0,0,0
0x42C0,0,0,0,0,0,0,0,0,0,0,0,0,0,0,0,0
0x42D0,0,0,0,0,0,0,0,0,0,0,0,0,0,0,0,0
0x42E0,0,0,0,0,0,0,0,0,0,0,0,0,0,0,0,0
0x42F0,0,0,0,0,0,0,0,0,0,0,0,0,0,0,0,0
0x4300,0,0,0,0,0,0,0,0,0,0,0,0,0,0,0,0
0x4310,0,0,0,0,0,0,0,0,0,0,0,0,0,0,0,0
0x4320,0,0,0,0,0,0,0,0,0,0,0,0,0,0,0,0
0x4330,0,0,0,0,0,0,0,0,0,0,0,0,0,0,0,0
0x4340,0,0,0,0,0,0,0,0,0,0,0,0,0,0,0,0
0x4350,0,0,0,0,0,0,0,0,0,0,0,0,0,0,0,0
0x4360,0,0,0,0,0,0,0,0,0,0,0,0,0,0,0,0
0x4370,0,0,0,0,0,0,0,0,0,0,0,0,0,0,0,0
0x4380,0,0,0,0,0,0,0,0,0,0,0,0,0,0,0,0
0x4390,0,0,0,0,0,0,0,0,0,0,0,0,0,0,0,0
0x43A0,0,0,0,0,0,0,0,0,0,0,0,0,0,0,0,0
0x43B0,0,0,0,0,0,0,0,0,0,0,0,0,0,0,0,0
0x43C0,0,0,0,0,0,0,0,0,0,0,0,0,0,0,0,0
0x43D0,0,0,0,0,0,0,0,0,0,0,0,0,0,0,0,0
0x43E0,0,0,0,0,0,0,0,0,0,0,0,0,0,0,0,0
0x43F0,0,0,0,0,0,0,0,0,0,0,0,0,0,0,0,0
0x4400,0,0,0,0,0,0,0,0,0,0,0,0,0,0,0,0
0x4410,0,0,0,0,0,0,0,0,0,0,0,0,0,0,0,0
0x4420,0,0,0,0,0,0,0,0,0,0,0,0,0,0,0,0
0x4430,0,0,0,0,0,0,0,0,0,0,0,0,0,0,0,0
0x4440,0,0,0,0,0,0,0,0,0,0,0,0,0,0,0,0
0x4450,0,0,0,0,0,0,0,0,0,0,0,0,0,0,0,0
0x4460,0,0,0,0,0,0,0,0,0,0,0,0,0,0,0,0
0x4470,0,0,0,0,0,0,0,0,0,0,0,0,0,0,0,0
0x4480,0,0,0,0,0,0,0,0,0,0,0,0,0,0,0,0
0x4490,0,0,0,0,0,0,0,0,0,0,0,0,0,0,0,0
0x44A0,0,0,0,0,0,0,0,0,0,0,0,0,0,0,0,0
0x44B0,0,0,0,0,0,0,0,0,0,0,0,0,0,0,0,0
0x44C0,0,0,0,0,0,0,0,0,0,0,0,0,0,0,0,0
0x44D0,0,0,0,0,0,0,0,0,0,0,0,0,0,0,0,0
0x44E0,0,0,0,0,0,0,0,0,0,0,0,0,0,0,0,0
0x44F0,0,0,0,0,0,0,0,0,0,0,0,0,0,0,0,0
0x4500,0,0,0,0,0,0,0,0,0,0,0,0,0,0,0,0
0x4510,0,0,0,0,0,0,0,0,0,0,0,0,0,0,0,0
0x4520,0,0,0,0,0,0,0,0,0,0,0,0,0,0,0,0
0x4530,0,0,0,0,0,0,0,0,0,0,0,0,0,0,0,0
0x4540,0,0,0,0,0,0,0,0,0,0,0,0,0,0,0,0
0x4550,0,0,0,0,0,0,0,0,0,0,0,0,0,0,0,0
0x4560,0,0,0,0,0,0,0,0,0,0,0,0,0,0,0,0
0x4570,0,0,0,0,0,0,0,0,0,0,0,0,0,0,0,0
0x4580,0,0,0,0,0,0,0,0,0,0,0,0,0,0,0,0
0x4590,0,0,0,0,0,0,0,0,0,0,0,0,0,0,0,0
0x45A0,0,0,0,0,0,0,0,0,0,0,0,0,0,0,0,0
0x45B0,0,0,0,0,0,0,0,0,0,0,0,0,0,0,0,0
0x45C0,0,0,0,0,0,0,0,0,0,0,0,0,0,0,0,0
0x45D0,0,0,0,0,0,0,0,0,0,0,0,0,0,0,0,0
0x45E0,0,0,0,0,0,0,0,0,0,0,0,0,0,0,0,0
0x45F0,0,0,0,0,0,0,0,0,0,0,0,0,0,0,0,0
0x4600,0,0,0,0,0,0,0,0,0,0,0,0,0,0,0,0
0x4610,0,0,0,0,0,0,0,0,0,0,0,0,0,0,0,0
0x4620,0,0,0,0,0,0,0,0,0,0,0,0,0,0,0,0
0x4630,0,0,0,0,0,0,0,0,0,0,0,0,0,0,0,0
0x4640,0,0,0,0,0,0,0,0,0,0,0,0,0,0,0,0
0x4650,0,0,0,0,0,0,0,0,0,0,0,0,0,0,0,0
0x4660,0,0,0,0,0,0,0,0,0,0,0,0,0,0,0,0
0x4670,0,0,0,0,0,0,0,0,0,0,0,0,0,0,0,0
0x4680,0,0,0,0,0,0,0,0,0,0,0,0,0,0,0,0
0x4690,0,0,0,0,0,0,0,0,0,0,0,0,0,0,0,0
0x46A0,0,0,0,0,0,0,0,0,0,0,0,0,0,0,0,0
0x46B0,0,0,0,0,0,0,0,0,0,0,0,0,0,0,0,0
0x46C0,0,0,0,0,0,0,0,0,0,0,0,0,0,0,0,0
0x46D0,0,0,0,0,0,0,0,0,0,0,0,0,0,0,0,0
0x46E0,0,0,0,0,0,0,0,0,0,0,0,0,0,0,0,0
0x46F0,0,0,0,0,0,0,0,0,0,0,0,0,0,0,0,0
0x4700,0,0,0,0,0,0,0,0,0,0,0,0,0,0,0,0
0x4710,0,0,0,0,0,0,0,0,0,0,0,0,0,0,0,0
0x4720,0,0,0,0,0,0,0,0,0,0,0,0,0,0,0,0
0x4730,0,0,0,0,0,0,0,0,0,0,0,0,0,0,0,0
0x4740,0,0,0,0,0,0,0,0,0,0,0,0,0,0,0,0
0x4750,0,0,0,0,0,0,0,0,0,0,0,0,0,0,0,0
0x4760,0,0,0,0,0,0,0,0,0,0,0,0,0,0,0,0
0x4770,0,0,0,0,0,0,0,0,0,0,0,0,0,0,0,0
0x4780,0,0,0,0,0,0,0,0,0,0,0,0,0,0,0,0
0x4790,0,0,0,0,0,0,0,0,0,0,0,0,0,0,0,0
0x47A0,0,0,0,0,0,0,0,0,0,0,0,0,0,0,0,0
0x47B0,0,0,0,0,0,0,0,0,0,0,0,0,0,0,0,0
0x47C0,0,0,0,0,0,0,0,0,0,0,0,0,0,0,0,0
0x47D0,0,0,0,0,0,0,0,0,0,0,0,0,0,0,0,0
0x47E0,0,0,0,0,0,0,0,0,0,0,0,0,0,0,0,0
0x47F0,0,0,0,0,0,0,0,0,0,0,0,0,0,0,0,0
0x4800,0,0,0,0,0,0,0,0,0,0,0,0,0,0,0,0
0x4810,0,0,0,0,0,0,0,0,0,0,0,0,0,0,0,0
0x4820,0,0,0,0,0,0,0,0,0,0,0,0,0,0,0,0
0x4830,0,0,0,0,0,0,0,0,0,0,0,0,0,0,0,0
0x4840,0,0,0,0,0,0,0,0,0,0,0,0,0,0,0,0
0x4850,0,0,0,0,0,0,0,0,0,0,0,0,0,0,0,0
0x4860,0,0,0,0,0,0,0,0,0,0,0,0,0,0,0,0
0x4870,0,0,0,0,0,0,0,0,0,0,0,0,0,0,0,0
0x4880,0,0,0,0,0,0,0,0,0,0,0,0,0,0,0,0
0x4890,0,0,0,0,0,0,0,0,0,0,0,0,0,0,0,0
0x48A0,0,0,0,0,0,0,0,0,0,0,0,0,0,0,0,0
0x48B0,0,0,0,0,0,0,0,0,0,0,0,0,0,0,0,0
0x48C0,0,0,0,0,0,0,0,0,0,0,0,0,0,0,0,0
0x48D0,0,0,0,0,0,0,0,0,0,0,0,0,0,0,0,0
0x48E0,0,0,0,0,0,0,0,0,0,0,0,0,0,0,0,0
0x48F0,0,0,0,0,0,0,0,0,0,0,0,0,0,0,0,0
0x4900,0,0,0,0,0,0,0,0,0,0,0,0,0,0,0,0
0x4910,0,0,0,0,0,0,0,0,0,0,0,0,0,0,0,0
0x4920,0,0,0,0,0,0,0,0,0,0,0,0,0,0,0,0
0x4930,0,0,0,0,0,0,0,0,0,0,0,0,0,0,0,0
0x4940,0,0,0,0,0,0,0,0,0,0,0,0,0,0,0,0
0x4950,0,0,0,0,0,0,0,0,0,0,0,0,0,0,0,0
0x4960,0,0,0,0,0,0,0,0,0,0,0,0,0,0,0,0
0x4970,0,0,0,0,0,0,0,0,0,0,0,0,0,0,0,0
0x4980,0,0,0,0,0,0,0,0,0,0,0,0,0,0,0,0
0x4990,0,0,0,0,0,0,0,0,0,0,0,0,0,0,0,0
0x49A0,0,0,0,0,0,0,0,0,0,0,0,0,0,0,0,0
0x49B0,0,0,0,0,0,0,0,0,0,0,0,0,0,0,0,0
0x49C0,0,0,0,0,0,0,0,0,0,0,0,0,0,0,0,0
0x49D0,0,0,0,0,0,0,0,0,0,0,0,0,0,0,0,0
0x49E0,0,0,0,0,0,0,0,0,0,0,0,0,0,0,0,0
0x49F0,0,0,0,0,0,0,0,0,0,0,0,0,0,0,0,0
0x4A00,0,0,0,0,0,0,0,0,0,0,0,0,0,0,0,0
0x4A10,0,0,0,0,0,0,0,0,0,0,0,0,0,0,0,0
0x4A20,0,0,0,0,0,0,0,0,0,0,0,0,0,0,0,0
0x4A30,0,0,0,0,0,0,0,0,0,0,0,0,0,0,0,0
0x4A40,0,0,0,0,0,0,0,0,0,0,0,0,0,0,0,0
0x4A50,0,0,0,0,0,0,0,0,0,0,0,0,0,0,0,0
0x4A60,0,0,0,0,0,0,0,0,0,0,0,0,0,0,0,0
0x4A70,0,0,0,0,0,0,0,0,0,0,0,0,0,0,0,0
0x4A80,0,0,0,0,0,0,0,0,0,0,0,0,0,0,0,0
0x4A90,0,0,0,0,0,0,0,0,0,0,0,0,0,0,0,0
0x4AA0,0,0,0,0,0,0,0,0,0,0,0,0,0,0,0,0
0x4AB0,0,0,0,0,0,0,0,0,0,0,0,0,0,0,0,0
0x4AC0,0,0,0,0,0,0,0,0,0,0,0,0,0,0,0,0
0x4AD0,0,0,0,0,0,0,0,0,0,0,0,0,0,0,0,0
0x4AE0,0,0,0,0,0,0,0,0,0,0,0,0,0,0,0,0
0x4AF0,0,0,0,0,0,0,0,0,0,0,0,0,0,0,0,0
0x4B00,0,0,0,0,0,0,0,0,0,0,0,0,0,0,0,0
0x4B10,0,0,0,0,0,0,0,0,0,0,0,0,0,0,0,0
0x4B20,0,0,0,0,0,0,0,0,0,0,0,0,0,0,0,0
0x4B30,0,0,0,0,0,0,0,0,0,0,0,0,0,0,0,0
0x4B40,0,0,0,0,0,0,0,0,0,0,0,0,0,0,0,0
0x4B50,0,0,0,0,0,0,0,0,0,0,0,0,0,0,0,0
0x4B60,0,0,0,0,0,0,0,0,0,0,0,0,0,0,0,0
0x4B70,0,0,0,0,0,0,0,0,0,0,0,0,0,0,0,0
0x4B80,0,0,0,0,0,0,0,0,0,0,0,0,0,0,0,0
0x4B90,0,0,0,0,0,0,0,0,0,0,0,0,0,0,0,0
0x4BA0,0,0,0,0,0,0,0,0,0,0,0,0,0,0,0,0
0x4BB0,0,0,0,0,0,0,0,0,0,0,0,0,0,0,0,0
0x4BC0,0,0,0,0,0,0,0,0,0,0,0,0,0,0,0,0
0x4BD0,0,0,0,0,0,0,0,0,0,0,0,0,0,0,0,0
0x4BE0,0,0,0,0,0,0,0,0,0,0,0,0,0,0,0,0
0x4BF0,0,0,0,0,0,0,0,0,0,0,0,0,0,0,0,0
0x4C00,0,0,0,0,0,0,0,0,0,0,0,0,0,0,0,0
0x4C10,0,0,0,0,0,0,0,0,0,0,0,0,0,0,0,0
0x4C20,0,0,0,0,0,0,0,0,0,0,0,0,0,0,0,0
0x4C30,0,0,0,0,0,0,0,0,0,0,0,0,0,0,0,0
0x4C40,0,0,0,0,0,0,0,0,0,0,0,0,0,0,0,0
0x4C50,0,0,0,0,0,0,0,0,0,0,0,0,0,0,0,0
0x4C60,0,0,0,0,0,0,0,0,0,0,0,0,0,0,0,0
0x4C70,0,0,0,0,0,0,0,0,0,0,0,0,0,0,0,0
0x4C80,0,0,0,0,0,0,0,0,0,0,0,0,0,0,0,0
0x4C90,0,0,0,0,0,0,0,0,0,0,0,0,0,0,0,0
0x4CA0,0,0,0,0,0,0,0,0,0,0,0,0,0,0,0,0
0x4CB0,0,0,0,0,0,0,0,0,0,0,0,0,0,0,0,0
0x4CC0,0,0,0,0,0,0,0,0,0,0,0,0,0,0,0,0
0x4CD0,0,0,0,0,0,0,0,0,0,0,0,0,0,0,0,0
0x4CE0,0,0,0,0,0,0,0,0,0,0,0,0,0,0,0,0
0x4CF0,0,0,0,0,0,0,0,0,0,0,0,0,0,0,0,0
0x4D00,0,0,0,0,0,0,0,0,0,0,0,0,0,0,0,0
0x4D10,0,0,0,0,0,0,0,0,0,0,0,0,0,0,0,0
0x4D20,0,0,0,0,0,0,0,0,0,0,0,0,0,0,0,0
0x4D30,0,0,0,0,0,0,0,0,0,0,0,0,0,0,0,0
0x4D40,0,0,0,0,0,0,0,0,0,0,0,0,0,0,0,0
0x4D50,0,0,0,0,0,0,0,0,0,0,0,0,0,0,0,0
0x4D60,0,0,0,0,0,0,0,0,0,0,0,0,0,0,0,0
0x4D70,0,0,0,0,0,0,0,0,0,0,0,0,0,0,0,0
0x4D80,0,0,0,0,0,0,0,0,0,0,0,0,0,0,0,0
0x4D90,0,0,0,0,0,0,0,0,0,0,0,0,0,0,0,0
0x4DA0,0,0,0,0,0,0,0,0,0,0,0,0,0,0,0,0
0x4DB0,0,0,0,0,0,0,0,0,0,0,0,0,0,0,0,0
0x4DC0,0,0,0,0,0,0,0,0,0,0,0,0,0,0,0,0
0x4DD0,0,0,0,0,0,0,0,0,0,0,0,0,0,0,0,0
0x4DE0,0,0,0,0,0,0,0,0,0,0,0,0,0,0,0,0
0x4DF0,0,0,0,0,0,0,0,0,0,0,0,0,0,0,0,0
0x4E00,0,0,0,0,0,0,0,0,0,0,0,0,0,0,0,0
0x4E10,0,0,0,0,0,0,0,0,0,0,0,0,0,0,0,0
0x4E20,0,0,0,0,0,0,0,0,0,0,0,0,0,0,0,0
0x4E30,0,0,0,0,0,0,0,0,0,0,0,0,0,0,0,0
0x4E40,0,0,0,0,0,0,0,0,0,0,0,0,0,0,0,0
0x4E50,0,0,0,0,0,0,0,0,0,0,0,0,0,0,0,0
0x4E60,0,0,0,0,0,0,0,0,0,0,0,0,0,0,0,0
0x4E70,0,0,0,0,0,0,0,0,0,0,0,0,0,0,0,0
0x4E80,0,0,0,0,0,0,0,0,0,0,0,0,0,0,0,0
0x4E90,0,0,0,0,0,0,0,0,0,0,0,0,0,0,0,0
0x4EA0,0,0,0,0,0,0,0,0,0,0,0,0,0,0,0,0
0x4EB0,0,0,0,0,0,0,0,0,0,0,0,0,0,0,0,0
0x4EC0,0,0,0,0,0,0,0,0,0,0,0,0,0,0,0,0
0x4ED0,0,0,0,0,0,0,0,0,0,0,0,0,0,0,0,0
0x4EE0,0,0,0,0,0,0,0,0,0,0,0,0,0,0,0,0
0x4EF0,0,0,0,0,0,0,0,0,0,0,0,0,0,0,0,0
0x4F00,0,0,0,0,0,0,0,0,0,0,0,0,0,0,0,0
0x4F10,0,0,0,0,0,0,0,0,0,0,0,0,0,0,0,0
0x4F20,0,0,0,0,0,0,0,0,0,0,0,0,0,0,0,0
0x4F30,0,0,0,0,0,0,0,0,0,0,0,0,0,0,0,0
0x4F40,0,0,0,0,0,0,0,0,0,0,0,0,0,0,0,0
0x4F50,0,0,0,0,0,0,0,0,0,0,0,0,0,0,0,0
0x4F60,0,0,0,0,0,0,0,0,0,0,0,0,0,0,0,0
0x4F70,0,0,0,0,0,0,0,0,0,0,0,0,0,0,0,0
0x4F80,0,0,0,0,0,0,0,0,0,0,0,0,0,0,0,0
0x4F90,0,0,0,0,0,0,0,0,0,0,0,0,0,0,0,0
0x4FA0,0,0,0,0,0,0,0,0,0,0,0,0,0,0,0,0
0x4FB0,0,0,0,0,0,0,0,0,0,0,0,0,0,0,0,0
0x4FC0,0,0,0,0,0,0,0,0,0,0,0,0,0,0,0,0
0x4FD0,0,0,0,0,0,0,0,0,0,0,0,0,0,0,0,0
0x4FE0,0,0,0,0,0,0,0,0,0,0,0,0,0,0,0,0
0x4FF0,0,0,0,0,0,0,0,0,0,0,0,0,0,0,0,0
0x5000,0,0,0,0,0,0,0,0,0,0,0,0,0,0,0,0
0x5010,0,0,0,0,0,0,0,0,0,0,0,0,0,0,0,0
0x5020,0,0,0,0,0,0,0,0,0,0,0,0,0,0,0,0
0x5030,0,0,0,0,0,0,0,0,0,0,0,0,0,0,0,0
0x5040,0,0,0,0,0,0,0,0,0,0,0,0,0,0,0,0
0x5050,0,0,0,0,0,0,0,0,0,0,0,0,0,0,0,0
0x5060,0,0,0,0,0,0,0,0,0,0,0,0,0,0,0,0
0x5070,0,0,0,0,0,0,0,0,0,0,0,0,0,0,0,0
0x5080,0,0,0,0,0,0,0,0,0,0,0,0,0,0,0,0
0x5090,0,0,0,0,0,0,0,0,0,0,0,0,0,0,0,0
0x50A0,0,0,0,0,0,0,0,0,0,0,0,0,0,0,0,0
0x50B0,0,0,0,0,0,0,0,0,0,0,0,0,0,0,0,0
0x50C0,0,0,0,0,0,0,0,0,0,0,0,0,0,0,0,0
0x50D0,0,0,0,0,0,0,0,0,0,0,0,0,0,0,0,0
0x50E0,0,0,0,0,0,0,0,0,0,0,0,0,0,0,0,0
0x50F0,0,0,0,0,0,0,0,0,0,0,0,0,0,0,0,0
0x5100,0,0,0,0,0,0,0,0,0,0,0,0,0,0,0,0
0x5110,0,0,0,0,0,0,0,0,0,0,0,0,0,0,0,0
0x5120,0,0,0,0,0,0,0,0,0,0,0,0,0,0,0,0
0x5130,0,0,0,0,0,0,0,0,0,0,0,0,0,0,0,0
0x5140,0,0,0,0,0,0,0,0,0,0,0,0,0,0,0,0
0x5150,0,0,0,0,0,0,0,0,0,0,0,0,0,0,0,0
0x5160,0,0,0,0,0,0,0,0,0,0,0,0,0,0,0,0
0x5170,0,0,0,0,0,0,0,0,0,0,0,0,0,0,0,0
0x5180,0,0,0,0,0,0,0,0,0,0,0,0,0,0,0,0
0x5190,0,0,0,0,0,0,0,0,0,0,0,0,0,0,0,0
0x51A0,0,0,0,0,0,0,0,0,0,0,0,0,0,0,0,0
0x51B0,0,0,0,0,0,0,0,0,0,0,0,0,0,0,0,0
0x51C0,0,0,0,0,0,0,0,0,0,0,0,0,0,0,0,0
0x51D0,0,0,0,0,0,0,0,0,0,0,0,0,0,0,0,0
0x51E0,0,0,0,0,0,0,0,0,0,0,0,0,0,0,0,0
0x51F0,0,0,0,0,0,0,0,0,0,0,0,0,0,0,0,0
0x5200,0,0,0,0,0,0,0,0,0,0,0,0,0,0,0,0
0x5210,0,0,0,0,0,0,0,0,0,0,0,0,0,0,0,0
0x5220,0,0,0,0,0,0,0,0,0,0,0,0,0,0,0,0
0x5230,0,0,0,0,0,0,0,0,0,0,0,0,0,0,0,0
0x5240,0,0,0,0,0,0,0,0,0,0,0,0,0,0,0,0
0x5250,0,0,0,0,0,0,0,0,0,0,0,0,0,0,0,0
0x5260,0,0,0,0,0,0,0,0,0,0,0,0,0,0,0,0
0x5270,0,0,0,0,0,0,0,0,0,0,0,0,0,0,0,0
0x5280,0,0,0,0,0,0,0,0,0,0,0,0,0,0,0,0
0x5290,0,0,0,0,0,0,0,0,0,0,0,0,0,0,0,0
0x52A0,0,0,0,0,0,0,0,0,0,0,0,0,0,0,0,0
0x52B0,0,0,0,0,0,0,0,0,0,0,0,0,0,0,0,0
0x52C0,0,0,0,0,0,0,0,0,0,0,0,0,0,0,0,0
0x52D0,0,0,0,0,0,0,0,0,0,0,0,0,0,0,0,0
0x52E0,0,0,0,0,0,0,0,0,0,0,0,0,0,0,0,0
0x52F0,0,0,0,0,0,0,0,0,0,0,0,0,0,0,0,0
0x5300,0,0,0,0,0,0,0,0,0,0,0,0,0,0,0,0
0x5310,0,0,0,0,0,0,0,0,0,0,0,0,0,0,0,0
0x5320,0,0,0,0,0,0,0,0,0,0,0,0,0,0,0,0
0x5330,0,0,0,0,0,0,0,0,0,0,0,0,0,0,0,0
0x5340,0,0,0,0,0,0,0,0,0,0,0,0,0,0,0,0
0x5350,0,0,0,0,0,0,0,0,0,0,0,0,0,0,0,0
0x5360,0,0,0,0,0,0,0,0,0,0,0,0,0,0,0,0
0x5370,0,0,0,0,0,0,0,0,0,0,0,0,0,0,0,0
0x5380,0,0,0,0,0,0,0,0,0,0,0,0,0,0,0,0
0x5390,0,0,0,0,0,0,0,0,0,0,0,0,0,0,0,0
0x53A0,0,0,0,0,0,0,0,0,0,0,0,0,0,0,0,0
0x53B0,0,0,0,0,0,0,0,0,0,0,0,0,0,0,0,0
0x53C0,0,0,0,0,0,0,0,0,0,0,0,0,0,0,0,0
0x53D0,0,0,0,0,0,0,0,0,0,0,0,0,0,0,0,0
0x53E0,0,0,0,0,0,0,0,0,0,0,0,0,0,0,0,0
0x53F0,0,0,0,0,0,0,0,0,0,0,0,0,0,0,0,0
0x5400,0,0,0,0,0,0,0,0,0,0,0,0,0,0,0,0
0x5410,0,0,0,0,0,0,0,0,0,0,0,0,0,0,0,0
0x5420,0,0,0,0,0,0,0,0,0,0,0,0,0,0,0,0
0x5430,0,0,0,0,0,0,0,0,0,0,0,0,0,0,0,0
0x5440,0,0,0,0,0,0,0,0,0,0,0,0,0,0,0,0
0x5450,0,0,0,0,0,0,0,0,0,0,0,0,0,0,0,0
0x5460,0,0,0,0,0,0,0,0,0,0,0,0,0,0,0,0
0x5470,0,0,0,0,0,0,0,0,0,0,0,0,0,0,0,0
0x5480,0,0,0,0,0,0,0,0,0,0,0,0,0,0,0,0
0x5490,0,0,0,0,0,0,0,0,0,0,0,0,0,0,0,0
0x54A0,0,0,0,0,0,0,0,0,0,0,0,0,0,0,0,0
0x54B0,0,0,0,0,0,0,0,0,0,0,0,0,0,0,0,0
0x54C0,0,0,0,0,0,0,0,0,0,0,0,0,0,0,0,0
0x54D0,0,0,0,0,0,0,0,0,0,0,0,0,0,0,0,0
0x54E0,0,0,0,0,0,0,0,0,0,0,0,0,0,0,0,0
0x54F0,0,0,0,0,0,0,0,0,0,0,0,0,0,0,0,0
0x5500,0,0,0,0,0,0,0,0,0,0,0,0,0,0,0,0
0x5510,0,0,0,0,0,0,0,0,0,0,0,0,0,0,0,0
0x5520,0,0,0,0,0,0,0,0,0,0,0,0,0,0,0,0
0x5530,0,0,0,0,0,0,0,0,0,0,0,0,0,0,0,0
0x5540,0,0,0,0,0,0,0,0,0,0,0,0,0,0,0,0
0x5550,0,0,0,0,0,0,0,0,0,0,0,0,0,0,0,0
0x5560,0,0,0,0,0,0,0,0,0,0,0,0,0,0,0,0
0x5570,0,0,0,0,0,0,0,0,0,0,0,0,0,0,0,0
0x5580,0,0,0,0,0,0,0,0,0,0,0,0,0,0,0,0
0x5590,0,0,0,0,0,0,0,0,0,0,0,0,0,0,0,0
0x55A0,0,0,0,0,0,0,0,0,0,0,0,0,0,0,0,0
0x55B0,0,0,0,0,0,0,0,0,0,0,0,0,0,0,0,0
0x55C0,0,0,0,0,0,0,0,0,0,0,0,0,0,0,0,0
0x55D0,0,0,0,0,0,0,0,0,0,0,0,0,0,0,0,0
0x55E0,0,0,0,0,0,0,0,0,0,0,0,0,0,0,0,0
0x55F0,0,0,0,0,0,0,0,0,0,0,0,0,0,0,0,0
0x5600,0,0,0,0,0,0,0,0,0,0,0,0,0,0,0,0
0x5610,0,0,0,0,0,0,0,0,0,0,0,0,0,0,0,0
0x5620,0,0,0,0,0,0,0,0,0,0,0,0,0,0,0,0
0x5630,0,0,0,0,0,0,0,0,0,0,0,0,0,0,0,0
0x5640,0,0,0,0,0,0,0,0,0,0,0,0,0,0,0,0
0x5650,0,0,0,0,0,0,0,0,0,0,0,0,0,0,0,0
0x5660,0,0,0,0,0,0,0,0,0,0,0,0,0,0,0,0
0x5670,0,0,0,0,0,0,0,0,0,0,0,0,0,0,0,0
0x5680,0,0,0,0,0,0,0,0,0,0,0,0,0,0,0,0
0x5690,0,0,0,0,0,0,0,0,0,0,0,0,0,0,0,0
0x56A0,0,0,0,0,0,0,0,0,0,0,0,0,0,0,0,0
0x56B0,0,0,0,0,0,0,0,0,0,0,0,0,0,0,0,0
0x56C0,0,0,0,0,0,0,0,0,0,0,0,0,0,0,0,0
0x56D0,0,0,0,0,0,0,0,0,0,0,0,0,0,0,0,0
0x56E0,0,0,0,0,0,0,0,0,0,0,0,0,0,0,0,0
0x56F0,0,0,0,0,0,0,0,0,0,0,0,0,0,0,0,0
0x5700,0,0,0,0,0,0,0,0,0,0,0,0,0,0,0,0
0x5710,0,0,0,0,0,0,0,0,0,0,0,0,0,0,0,0
0x5720,0,0,0,0,0,0,0,0,0,0,0,0,0,0,0,0
0x5730,0,0,0,0,0,0,0,0,0,0,0,0,0,0,0,0
0x5740,0,0,0,0,0,0,0,0,0,0,0,0,0,0,0,0
0x5750,0,0,0,0,0,0,0,0,0,0,0,0,0,0,0,0
0x5760,0,0,0,0,0,0,0,0,0,0,0,0,0,0,0,0
0x5770,0,0,0,0,0,0,0,0,0,0,0,0,0,0,0,0
0x5780,0,0,0,0,0,0,0,0,0,0,0,0,0,0,0,0
0x5790,0,0,0,0,0,0,0,0,0,0,0,0,0,0,0,0
0x57A0,0,0,0,0,0,0,0,0,0,0,0,0,0,0,0,0
0x57B0,0,0,0,0,0,0,0,0,0,0,0,0,0,0,0,0
0x57C0,0,0,0,0,0,0,0,0,0,0,0,0,0,0,0,0
0x57D0,0,0,0,0,0,0,0,0,0,0,0,0,0,0,0,0
0x57E0,0,0,0,0,0,0,0,0,0,0,0,0,0,0,0,0
0x57F0,0,0,0,0,0,0,0,0,0,0,0,0,0,0,0,0
0x5800,0,0,0,0,0,0,0,0,0,0,0,0,0,0,0,0
0x5810,0,0,0,0,0,0,0,0,0,0,0,0,0,0,0,0
0x5820,0,0,0,0,0,0,0,0,0,0,0,0,0,0,0,0
0x5830,0,0,0,0,0,0,0,0,0,0,0,0,0,0,0,0
0x5840,0,0,0,0,0,0,0,0,0,0,0,0,0,0,0,0
0x5850,0,0,0,0,0,0,0,0,0,0,0,0,0,0,0,0
0x5860,0,0,0,0,0,0,0,0,0,0,0,0,0,0,0,0
0x5870,0,0,0,0,0,0,0,0,0,0,0,0,0,0,0,0
0x5880,0,0,0,0,0,0,0,0,0,0,0,0,0,0,0,0
0x5890,0,0,0,0,0,0,0,0,0,0,0,0,0,0,0,0
0x58A0,0,0,0,0,0,0,0,0,0,0,0,0,0,0,0,0
0x58B0,0,0,0,0,0,0,0,0,0,0,0,0,0,0,0,0
0x58C0,0,0,0,0,0,0,0,0,0,0,0,0,0,0,0,0
0x58D0,0,0,0,0,0,0,0,0,0,0,0,0,0,0,0,0
0x58E0,0,0,0,0,0,0,0,0,0,0,0,0,0,0,0,0
0x58F0,0,0,0,0,0,0,0,0,0,0,0,0,0,0,0,0
0x5900,0,0,0,0,0,0,0,0,0,0,0,0,0,0,0,0
0x5910,0,0,0,0,0,0,0,0,0,0,0,0,0,0,0,0
0x5920,0,0,0,0,0,0,0,0,0,0,0,0,0,0,0,0
0x5930,0,0,0,0,0,0,0,0,0,0,0,0,0,0,0,0
0x5940,0,0,0,0,0,0,0,0,0,0,0,0,0,0,0,0
0x5950,0,0,0,0,0,0,0,0,0,0,0,0,0,0,0,0
0x5960,0,0,0,0,0,0,0,0,0,0,0,0,0,0,0,0
0x5970,0,0,0,0,0,0,0,0,0,0,0,0,0,0,0,0
0x5980,0,0,0,0,0,0,0,0,0,0,0,0,0,0,0,0
0x5990,0,0,0,0,0,0,0,0,0,0,0,0,0,0,0,0
0x59A0,0,0,0,0,0,0,0,0,0,0,0,0,0,0,0,0
0x59B0,0,0,0,0,0,0,0,0,0,0,0,0,0,0,0,0
0x59C0,0,0,0,0,0,0,0,0,0,0,0,0,0,0,0,0
0x59D0,0,0,0,0,0,0,0,0,0,0,0,0,0,0,0,0
0x59E0,0,0,0,0,0,0,0,0,0,0,0,0,0,0,0,0
0x59F0,0,0,0,0,0,0,0,0,0,0,0,0,0,0,0,0
0x5A00,0,0,0,0,0,0,0,0,0,0,0,0,0,0,0,0
0x5A10,0,0,0,0,0,0,0,0,0,0,0,0,0,0,0,0
0x5A20,0,0,0,0,0,0,0,0,0,0,0,0,0,0,0,0
0x5A30,0,0,0,0,0,0,0,0,0,0,0,0,0,0,0,0
0x5A40,0,0,0,0,0,0,0,0,0,0,0,0,0,0,0,0
0x5A50,0,0,0,0,0,0,0,0,0,0,0,0,0,0,0,0
0x5A60,0,0,0,0,0,0,0,0,0,0,0,0,0,0,0,0
0x5A70,0,0,0,0,0,0,0,0,0,0,0,0,0,0,0,0
0x5A80,0,0,0,0,0,0,0,0,0,0,0,0,0,0,0,0
0x5A90,0,0,0,0,0,0,0,0,0,0,0,0,0,0,0,0
0x5AA0,0,0,0,0,0,0,0,0,0,0,0,0,0,0,0,0
0x5AB0,0,0,0,0,0,0,0,0,0,0,0,0,0,0,0,0
0x5AC0,0,0,0,0,0,0,0,0,0,0,0,0,0,0,0,0
0x5AD0,0,0,0,0,0,0,0,0,0,0,0,0,0,0,0,0
0x5AE0,0,0,0,0,0,0,0,0,0,0,0,0,0,0,0,0
0x5AF0,0,0,0,0,0,0,0,0,0,0,0,0,0,0,0,0
0x5B00,0,0,0,0,0,0,0,0,0,0,0,0,0,0,0,0
0x5B10,0,0,0,0,0,0,0,0,0,0,0,0,0,0,0,0
0x5B20,0,0,0,0,0,0,0,0,0,0,0,0,0,0,0,0
0x5B30,0,0,0,0,0,0,0,0,0,0,0,0,0,0,0,0
0x5B40,0,0,0,0,0,0,0,0,0,0,0,0,0,0,0,0
0x5B50,0,0,0,0,0,0,0,0,0,0,0,0,0,0,0,0
0x5B60,0,0,0,0,0,0,0,0,0,0,0,0,0,0,0,0
0x5B70,0,0,0,0,0,0,0,0,0,0,0,0,0,0,0,0
0x5B80,0,0,0,0,0,0,0,0,0,0,0,0,0,0,0,0
0x5B90,0,0,0,0,0,0,0,0,0,0,0,0,0,0,0,0
0x5BA0,0,0,0,0,0,0,0,0,0,0,0,0,0,0,0,0
0x5BB0,0,0,0,0,0,0,0,0,0,0,0,0,0,0,0,0
0x5BC0,0,0,0,0,0,0,0,0,0,0,0,0,0,0,0,0
0x5BD0,0,0,0,0,0,0,0,0,0,0,0,0,0,0,0,0
0x5BE0,0,0,0,0,0,0,0,0,0,0,0,0,0,0,0,0
0x5BF0,0,0,0,0,0,0,0,0,0,0,0,0,0,0,0,0
0x5C00,0,0,0,0,0,0,0,0,0,0,0,0,0,0,0,0
0x5C10,0,0,0,0,0,0,0,0,0,0,0,0,0,0,0,0
0x5C20,0,0,0,0,0,0,0,0,0,0,0,0,0,0,0,0
0x5C30,0,0,0,0,0,0,0,0,0,0,0,0,0,0,0,0
0x5C40,0,0,0,0,0,0,0,0,0,0,0,0,0,0,0,0
0x5C50,0,0,0,0,0,0,0,0,0,0,0,0,0,0,0,0
0x5C60,0,0,0,0,0,0,0,0,0,0,0,0,0,0,0,0
0x5C70,0,0,0,0,0,0,0,0,0,0,0,0,0,0,0,0
0x5C80,0,0,0,0,0,0,0,0,0,0,0,0,0,0,0,0
0x5C90,0,0,0,0,0,0,0,0,0,0,0,0,0,0,0,0
0x5CA0,0,0,0,0,0,0,0,0,0,0,0,0,0,0,0,0
0x5CB0,0,0,0,0,0,0,0,0,0,0,0,0,0,0,0,0
0x5CC0,0,0,0,0,0,0,0,0,0,0,0,0,0,0,0,0
0x5CD0,0,0,0,0,0,0,0,0,0,0,0,0,0,0,0,0
0x5CE0,0,0,0,0,0,0,0,0,0,0,0,0,0,0,0,0
0x5CF0,0,0,0,0,0,0,0,0,0,0,0,0,0,0,0,0
0x5D00,0,0,0,0,0,0,0,0,0,0,0,0,0,0,0,0
0x5D10,0,0,0,0,0,0,0,0,0,0,0,0,0,0,0,0
0x5D20,0,0,0,0,0,0,0,0,0,0,0,0,0,0,0,0
0x5D30,0,0,0,0,0,0,0,0,0,0,0,0,0,0,0,0
0x5D40,0,0,0,0,0,0,0,0,0,0,0,0,0,0,0,0
0x5D50,0,0,0,0,0,0,0,0,0,0,0,0,0,0,0,0
0x5D60,0,0,0,0,0,0,0,0,0,0,0,0,0,0,0,0
0x5D70,0,0,0,0,0,0,0,0,0,0,0,0,0,0,0,0
0x5D80,0,0,0,0,0,0,0,0,0,0,0,0,0,0,0,0
0x5D90,0,0,0,0,0,0,0,0,0,0,0,0,0,0,0,0
0x5DA0,0,0,0,0,0,0,0,0,0,0,0,0,0,0,0,0
0x5DB0,0,0,0,0,0,0,0,0,0,0,0,0,0,0,0,0
0x5DC0,0,0,0,0,0,0,0,0,0,0,0,0,0,0,0,0
0x5DD0,0,0,0,0,0,0,0,0,0,0,0,0,0,0,0,0
0x5DE0,0,0,0,0,0,0,0,0,0,0,0,0,0,0,0,0
0x5DF0,0,0,0,0,0,0,0,0,0,0,0,0,0,0,0,0
0x5E00,0,0,0,0,0,0,0,0,0,0,0,0,0,0,0,0
0x5E10,0,0,0,0,0,0,0,0,0,0,0,0,0,0,0,0
0x5E20,0,0,0,0,0,0,0,0,0,0,0,0,0,0,0,0
0x5E30,0,0,0,0,0,0,0,0,0,0,0,0,0,0,0,0
0x5E40,0,0,0,0,0,0,0,0,0,0,0,0,0,0,0,0
0x5E50,0,0,0,0,0,0,0,0,0,0,0,0,0,0,0,0
0x5E60,0,0,0,0,0,0,0,0,0,0,0,0,0,0,0,0
0x5E70,0,0,0,0,0,0,0,0,0,0,0,0,0,0,0,0
0x5E80,0,0,0,0,0,0,0,0,0,0,0,0,0,0,0,0
0x5E90,0,0,0,0,0,0,0,0,0,0,0,0,0,0,0,0
0x5EA0,0,0,0,0,0,0,0,0,0,0,0,0,0,0,0,0
0x5EB0,0,0,0,0,0,0,0,0,0,0,0,0,0,0,0,0
0x5EC0,0,0,0,0,0,0,0,0,0,0,0,0,0,0,0,0
0x5ED0,0,0,0,0,0,0,0,0,0,0,0,0,0,0,0,0
0x5EE0,0,0,0,0,0,0,0,0,0,0,0,0,0,0,0,0
0x5EF0,0,0,0,0,0,0,0,0,0,0,0,0,0,0,0,0
0x5F00,0,0,0,0,0,0,0,0,0,0,0,0,0,0,0,0
0x5F10,0,0,0,0,0,0,0,0,0,0,0,0,0,0,0,0
0x5F20,0,0,0,0,0,0,0,0,0,0,0,0,0,0,0,0
0x5F30,0,0,0,0,0,0,0,0,0,0,0,0,0,0,0,0
0x5F40,0,0,0,0,0,0,0,0,0,0,0,0,0,0,0,0
0x5F50,0,0,0,0,0,0,0,0,0,0,0,0,0,0,0,0
0x5F60,0,0,0,0,0,0,0,0,0,0,0,0,0,0,0,0
0x5F70,0,0,0,0,0,0,0,0,0,0,0,0,0,0,0,0
0x5F80,0,0,0,0,0,0,0,0,0,0,0,0,0,0,0,0
0x5F90,0,0,0,0,0,0,0,0,0,0,0,0,0,0,0,0
0x5FA0,0,0,0,0,0,0,0,0,0,0,0,0,0,0,0,0
0x5FB0,0,0,0,0,0,0,0,0,0,0,0,0,0,0,0,0
0x5FC0,0,0,0,0,0,0,0,0,0,0,0,0,0,0,0,0
0x5FD0,0,0,0,0,0,0,0,0,0,0,0,0,0,0,0,0
0x5FE0,0,0,0,0,0,0,0,0,0,0,0,0,0,0,0,0
0x5FF0,0,0,0,0,0,0,0,0,0,0,0,0,0,0,0,0
0x6000,0,0,0,0,0,0,0,0,0,0,0,0,0,0,0,0
0x6010,0,0,0,0,0,0,0,0,0,0,0,0,0,0,0,0
0x6020,0,0,0,0,0,0,0,0,0,0,0,0,0,0,0,0
0x6030,0,0,0,0,0,0,0,0,0,0,0,0,0,0,0,0
0x6040,0,0,0,0,0,0,0,0,0,0,0,0,0,0,0,0
0x6050,0,0,0,0,0,0,0,0,0,0,0,0,0,0,0,0
0x6060,0,0,0,0,0,0,0,0,0,0,0,0,0,0,0,0
0x6070,0,0,0,0,0,0,0,0,0,0,0,0,0,0,0,0
0x6080,0,0,0,0,0,0,0,0,0,0,0,0,0,0,0,0
0x6090,0,0,0,0,0,0,0,0,0,0,0,0,0,0,0,0
0x60A0,0,0,0,0,0,0,0,0,0,0,0,0,0,0,0,0
0x60B0,0,0,0,0,0,0,0,0,0,0,0,0,0,0,0,0
0x60C0,0,0,0,0,0,0,0,0,0,0,0,0,0,0,0,0
0x60D0,0,0,0,0,0,0,0,0,0,0,0,0,0,0,0,0
0x60E0,0,0,0,0,0,0,0,0,0,0,0,0,0,0,0,0
0x60F0,0,0,0,0,0,0,0,0,0,0,0,0,0,0,0,0
0x6100,0,0,0,0,0,0,0,0,0,0,0,0,0,0,0,0
0x6110,0,0,0,0,0,0,0,0,0,0,0,0,0,0,0,0
0x6120,0,0,0,0,0,0,0,0,0,0,0,0,0,0,0,0
0x6130,0,0,0,0,0,0,0,0,0,0,0,0,0,0,0,0
0x6140,0,0,0,0,0,0,0,0,0,0,0,0,0,0,0,0
0x6150,0,0,0,0,0,0,0,0,0,0,0,0,0,0,0,0
0x6160,0,0,0,0,0,0,0,0,0,0,0,0,0,0,0,0
0x6170,0,0,0,0,0,0,0,0,0,0,0,0,0,0,0,0
0x6180,0,0,0,0,0,0,0,0,0,0,0,0,0,0,0,0
0x6190,0,0,0,0,0,0,0,0,0,0,0,0,0,0,0,0
0x61A0,0,0,0,0,0,0,0,0,0,0,0,0,0,0,0,0
0x61B0,0,0,0,0,0,0,0,0,0,0,0,0,0,0,0,0
0x61C0,0,0,0,0,0,0,0,0,0,0,0,0,0,0,0,0
0x61D0,0,0,0,0,0,0,0,0,0,0,0,0,0,0,0,0
0x61E0,0,0,0,0,0,0,0,0,0,0,0,0,0,0,0,0
0x61F0,0,0,0,0,0,0,0,0,0,0,0,0,0,0,0,0
0x6200,0,0,0,0,0,0,0,0,0,0,0,0,0,0,0,0
0x6210,0,0,0,0,0,0,0,0,0,0,0,0,0,0,0,0
0x6220,0,0,0,0,0,0,0,0,0,0,0,0,0,0,0,0
0x6230,0,0,0,0,0,0,0,0,0,0,0,0,0,0,0,0
0x6240,0,0,0,0,0,0,0,0,0,0,0,0,0,0,0,0
0x6250,0,0,0,0,0,0,0,0,0,0,0,0,0,0,0,0
0x6260,0,0,0,0,0,0,0,0,0,0,0,0,0,0,0,0
0x6270,0,0,0,0,0,0,0,0,0,0,0,0,0,0,0,0
0x6280,0,0,0,0,0,0,0,0,0,0,0,0,0,0,0,0
0x6290,0,0,0,0,0,0,0,0,0,0,0,0,0,0,0,0
0x62A0,0,0,0,0,0,0,0,0,0,0,0,0,0,0,0,0
0x62B0,0,0,0,0,0,0,0,0,0,0,0,0,0,0,0,0
0x62C0,0,0,0,0,0,0,0,0,0,0,0,0,0,0,0,0
0x62D0,0,0,0,0,0,0,0,0,0,0,0,0,0,0,0,0
0x62E0,0,0,0,0,0,0,0,0,0,0,0,0,0,0,0,0
0x62F0,0,0,0,0,0,0,0,0,0,0,0,0,0,0,0,0
0x6300,0,0,0,0,0,0,0,0,0,0,0,0,0,0,0,0
0x6310,0,0,0,0,0,0,0,0,0,0,0,0,0,0,0,0
0x6320,0,0,0,0,0,0,0,0,0,0,0,0,0,0,0,0
0x6330,0,0,0,0,0,0,0,0,0,0,0,0,0,0,0,0
0x6340,0,0,0,0,0,0,0,0,0,0,0,0,0,0,0,0
0x6350,0,0,0,0,0,0,0,0,0,0,0,0,0,0,0,0
0x6360,0,0,0,0,0,0,0,0,0,0,0,0,0,0,0,0
0x6370,0,0,0,0,0,0,0,0,0,0,0,0,0,0,0,0
0x6380,0,0,0,0,0,0,0,0,0,0,0,0,0,0,0,0
0x6390,0,0,0,0,0,0,0,0,0,0,0,0,0,0,0,0
0x63A0,0,0,0,0,0,0,0,0,0,0,0,0,0,0,0,0
0x63B0,0,0,0,0,0,0,0,0,0,0,0,0,0,0,0,0
0x63C0,0,0,0,0,0,0,0,0,0,0,0,0,0,0,0,0
0x63D0,0,0,0,0,0,0,0,0,0,0,0,0,0,0,0,0
0x63E0,0,0,0,0,0,0,0,0,0,0,0,0,0,0,0,0
0x63F0,0,0,0,0,0,0,0,0,0,0,0,0,0,0,0,0
0x6400,0,0,0,0,0,0,0,0,0,0,0,0,0,0,0,0
0x6410,0,0,0,0,0,0,0,0,0,0,0,0,0,0,0,0
0x6420,0,0,0,0,0,0,0,0,0,0,0,0,0,0,0,0
0x6430,0,0,0,0,0,0,0,0,0,0,0,0,0,0,0,0
0x6440,0,0,0,0,0,0,0,0,0,0,0,0,0,0,0,0
0x6450,0,0,0,0,0,0,0,0,0,0,0,0,0,0,0,0
0x6460,0,0,0,0,0,0,0,0,0,0,0,0,0,0,0,0
0x6470,0,0,0,0,0,0,0,0,0,0,0,0,0,0,0,0
0x6480,0,0,0,0,0,0,0,0,0,0,0,0,0,0,0,0
0x6490,0,0,0,0,0,0,0,0,0,0,0,0,0,0,0,0
0x64A0,0,0,0,0,0,0,0,0,0,0,0,0,0,0,0,0
0x64B0,0,0,0,0,0,0,0,0,0,0,0,0,0,0,0,0
0x64C0,0,0,0,0,0,0,0,0,0,0,0,0,0,0,0,0
0x64D0,0,0,0,0,0,0,0,0,0,0,0,0,0,0,0,0
0x64E0,0,0,0,0,0,0,0,0,0,0,0,0,0,0,0,0
0x64F0,0,0,0,0,0,0,0,0,0,0,0,0,0,0,0,0
0x6500,0,0,0,0,0,0,0,0,0,0,0,0,0,0,0,0
0x6510,0,0,0,0,0,0,0,0,0,0,0,0,0,0,0,0
0x6520,0,0,0,0,0,0,0,0,0,0,0,0,0,0,0,0
0x6530,0,0,0,0,0,0,0,0,0,0,0,0,0,0,0,0
0x6540,0,0,0,0,0,0,0,0,0,0,0,0,0,0,0,0
0x6550,0,0,0,0,0,0,0,0,0,0,0,0,0,0,0,0
0x6560,0,0,0,0,0,0,0,0,0,0,0,0,0,0,0,0
0x6570,0,0,0,0,0,0,0,0,0,0,0,0,0,0,0,0
0x6580,0,0,0,0,0,0,0,0,0,0,0,0,0,0,0,0
0x6590,0,0,0,0,0,0,0,0,0,0,0,0,0,0,0,0
0x65A0,0,0,0,0,0,0,0,0,0,0,0,0,0,0,0,0
0x65B0,0,0,0,0,0,0,0,0,0,0,0,0,0,0,0,0
0x65C0,0,0,0,0,0,0,0,0,0,0,0,0,0,0,0,0
0x65D0,0,0,0,0,0,0,0,0,0,0,0,0,0,0,0,0
0x65E0,0,0,0,0,0,0,0,0,0,0,0,0,0,0,0,0
0x65F0,0,0,0,0,0,0,0,0,0,0,0,0,0,0,0,0
0x6600,0,0,0,0,0,0,0,0,0,0,0,0,0,0,0,0
0x6610,0,0,0,0,0,0,0,0,0,0,0,0,0,0,0,0
0x6620,0,0,0,0,0,0,0,0,0,0,0,0,0,0,0,0
0x6630,0,0,0,0,0,0,0,0,0,0,0,0,0,0,0,0
0x6640,0,0,0,0,0,0,0,0,0,0,0,0,0,0,0,0
0x6650,0,0,0,0,0,0,0,0,0,0,0,0,0,0,0,0
0x6660,0,0,0,0,0,0,0,0,0,0,0,0,0,0,0,0
0x6670,0,0,0,0,0,0,0,0,0,0,0,0,0,0,0,0
0x6680,0,0,0,0,0,0,0,0,0,0,0,0,0,0,0,0
0x6690,0,0,0,0,0,0,0,0,0,0,0,0,0,0,0,0
0x66A0,0,0,0,0,0,0,0,0,0,0,0,0,0,0,0,0
0x66B0,0,0,0,0,0,0,0,0,0,0,0,0,0,0,0,0
0x66C0,0,0,0,0,0,0,0,0,0,0,0,0,0,0,0,0
0x66D0,0,0,0,0,0,0,0,0,0,0,0,0,0,0,0,0
0x66E0,0,0,0,0,0,0,0,0,0,0,0,0,0,0,0,0
0x66F0,0,0,0,0,0,0,0,0,0,0,0,0,0,0,0,0
0x6700,0,0,0,0,0,0,0,0,0,0,0,0,0,0,0,0
0x6710,0,0,0,0,0,0,0,0,0,0,0,0,0,0,0,0
0x6720,0,0,0,0,0,0,0,0,0,0,0,0,0,0,0,0
0x6730,0,0,0,0,0,0,0,0,0,0,0,0,0,0,0,0
0x6740,0,0,0,0,0,0,0,0,0,0,0,0,0,0,0,0
0x6750,0,0,0,0,0,0,0,0,0,0,0,0,0,0,0,0
0x6760,0,0,0,0,0,0,0,0,0,0,0,0,0,0,0,0
0x6770,0,0,0,0,0,0,0,0,0,0,0,0,0,0,0,0
0x6780,0,0,0,0,0,0,0,0,0,0,0,0,0,0,0,0
0x6790,0,0,0,0,0,0,0,0,0,0,0,0,0,0,0,0
0x67A0,0,0,0,0,0,0,0,0,0,0,0,0,0,0,0,0
0x67B0,0,0,0,0,0,0,0,0,0,0,0,0,0,0,0,0
0x67C0,0,0,0,0,0,0,0,0,0,0,0,0,0,0,0,0
0x67D0,0,0,0,0,0,0,0,0,0,0,0,0,0,0,0,0
0x67E0,0,0,0,0,0,0,0,0,0,0,0,0,0,0,0,0
0x67F0,0,0,0,0,0,0,0,0,0,0,0,0,0,0,0,0
0x6800,0,0,0,0,0,0,0,0,0,0,0,0,0,0,0,0
0x6810,0,0,0,0,0,0,0,0,0,0,0,0,0,0,0,0
0x6820,0,0,0,0,0,0,0,0,0,0,0,0,0,0,0,0
0x6830,0,0,0,0,0,0,0,0,0,0,0,0,0,0,0,0
0x6840,0,0,0,0,0,0,0,0,0,0,0,0,0,0,0,0
0x6850,0,0,0,0,0,0,0,0,0,0,0,0,0,0,0,0
0x6860,0,0,0,0,0,0,0,0,0,0,0,0,0,0,0,0
0x6870,0,0,0,0,0,0,0,0,0,0,0,0,0,0,0,0
0x6880,0,0,0,0,0,0,0,0,0,0,0,0,0,0,0,0
0x6890,0,0,0,0,0,0,0,0,0,0,0,0,0,0,0,0
0x68A0,0,0,0,0,0,0,0,0,0,0,0,0,0,0,0,0
0x68B0,0,0,0,0,0,0,0,0,0,0,0,0,0,0,0,0
0x68C0,0,0,0,0,0,0,0,0,0,0,0,0,0,0,0,0
0x68D0,0,0,0,0,0,0,0,0,0,0,0,0,0,0,0,0
0x68E0,0,0,0,0,0,0,0,0,0,0,0,0,0,0,0,0
0x68F0,0,0,0,0,0,0,0,0,0,0,0,0,0,0,0,0
0x6900,0,0,0,0,0,0,0,0,0,0,0,0,0,0,0,0
0x6910,0,0,0,0,0,0,0,0,0,0,0,0,0,0,0,0
0x6920,0,0,0,0,0,0,0,0,0,0,0,0,0,0,0,0
0x6930,0,0,0,0,0,0,0,0,0,0,0,0,0,0,0,0
0x6940,0,0,0,0,0,0,0,0,0,0,0,0,0,0,0,0
0x6950,0,0,0,0,0,0,0,0,0,0,0,0,0,0,0,0
0x6960,0,0,0,0,0,0,0,0,0,0,0,0,0,0,0,0
0x6970,0,0,0,0,0,0,0,0,0,0,0,0,0,0,0,0
0x6980,0,0,0,0,0,0,0,0,0,0,0,0,0,0,0,0
0x6990,0,0,0,0,0,0,0,0,0,0,0,0,0,0,0,0
0x69A0,0,0,0,0,0,0,0,0,0,0,0,0,0,0,0,0
0x69B0,0,0,0,0,0,0,0,0,0,0,0,0,0,0,0,0
0x69C0,0,0,0,0,0,0,0,0,0,0,0,0,0,0,0,0
0x69D0,0,0,0,0,0,0,0,0,0,0,0,0,0,0,0,0
0x69E0,0,0,0,0,0,0,0,0,0,0,0,0,0,0,0,0
0x69F0,0,0,0,0,0,0,0,0,0,0,0,0,0,0,0,0
0x6A00,0,0,0,0,0,0,0,0,0,0,0,0,0,0,0,0
0x6A10,0,0,0,0,0,0,0,0,0,0,0,0,0,0,0,0
0x6A20,0,0,0,0,0,0,0,0,0,0,0,0,0,0,0,0
0x6A30,0,0,0,0,0,0,0,0,0,0,0,0,0,0,0,0
0x6A40,0,0,0,0,0,0,0,0,0,0,0,0,0,0,0,0
0x6A50,0,0,0,0,0,0,0,0,0,0,0,0,0,0,0,0
0x6A60,0,0,0,0,0,0,0,0,0,0,0,0,0,0,0,0
0x6A70,0,0,0,0,0,0,0,0,0,0,0,0,0,0,0,0
0x6A80,0,0,0,0,0,0,0,0,0,0,0,0,0,0,0,0
0x6A90,0,0,0,0,0,0,0,0,0,0,0,0,0,0,0,0
0x6AA0,0,0,0,0,0,0,0,0,0,0,0,0,0,0,0,0
0x6AB0,0,0,0,0,0,0,0,0,0,0,0,0,0,0,0,0
0x6AC0,0,0,0,0,0,0,0,0,0,0,0,0,0,0,0,0
0x6AD0,0,0,0,0,0,0,0,0,0,0,0,0,0,0,0,0
0x6AE0,0,0,0,0,0,0,0,0,0,0,0,0,0,0,0,0
0x6AF0,0,0,0,0,0,0,0,0,0,0,0,0,0,0,0,0
0x6B00,0,0,0,0,0,0,0,0,0,0,0,0,0,0,0,0
0x6B10,0,0,0,0,0,0,0,0,0,0,0,0,0,0,0,0
0x6B20,0,0,0,0,0,0,0,0,0,0,0,0,0,0,0,0
0x6B30,0,0,0,0,0,0,0,0,0,0,0,0,0,0,0,0
0x6B40,0,0,0,0,0,0,0,0,0,0,0,0,0,0,0,0
0x6B50,0,0,0,0,0,0,0,0,0,0,0,0,0,0,0,0
0x6B60,0,0,0,0,0,0,0,0,0,0,0,0,0,0,0,0
0x6B70,0,0,0,0,0,0,0,0,0,0,0,0,0,0,0,0
0x6B80,0,0,0,0,0,0,0,0,0,0,0,0,0,0,0,0
0x6B90,0,0,0,0,0,0,0,0,0,0,0,0,0,0,0,0
0x6BA0,0,0,0,0,0,0,0,0,0,0,0,0,0,0,0,0
0x6BB0,0,0,0,0,0,0,0,0,0,0,0,0,0,0,0,0
0x6BC0,0,0,0,0,0,0,0,0,0,0,0,0,0,0,0,0
0x6BD0,0,0,0,0,0,0,0,0,0,0,0,0,0,0,0,0
0x6BE0,0,0,0,0,0,0,0,0,0,0,0,0,0,0,0,0
0x6BF0,0,0,0,0,0,0,0,0,0,0,0,0,0,0,0,0
0x6C00,0,0,0,0,0,0,0,0,0,0,0,0,0,0,0,0
0x6C10,0,0,0,0,0,0,0,0,0,0,0,0,0,0,0,0
0x6C20,0,0,0,0,0,0,0,0,0,0,0,0,0,0,0,0
0x6C30,0,0,0,0,0,0,0,0,0,0,0,0,0,0,0,0
0x6C40,0,0,0,0,0,0,0,0,0,0,0,0,0,0,0,0
0x6C50,0,0,0,0,0,0,0,0,0,0,0,0,0,0,0,0
0x6C60,0,0,0,0,0,0,0,0,0,0,0,0,0,0,0,0
0x6C70,0,0,0,0,0,0,0,0,0,0,0,0,0,0,0,0
0x6C80,0,0,0,0,0,0,0,0,0,0,0,0,0,0,0,0
0x6C90,0,0,0,0,0,0,0,0,0,0,0,0,0,0,0,0
0x6CA0,0,0,0,0,0,0,0,0,0,0,0,0,0,0,0,0
0x6CB0,0,0,0,0,0,0,0,0,0,0,0,0,0,0,0,0
0x6CC0,0,0,0,0,0,0,0,0,0,0,0,0,0,0,0,0
0x6CD0,0,0,0,0,0,0,0,0,0,0,0,0,0,0,0,0
0x6CE0,0,0,0,0,0,0,0,0,0,0,0,0,0,0,0,0
0x6CF0,0,0,0,0,0,0,0,0,0,0,0,0,0,0,0,0
0x6D00,0,0,0,0,0,0,0,0,0,0,0,0,0,0,0,0
0x6D10,0,0,0,0,0,0,0,0,0,0,0,0,0,0,0,0
0x6D20,0,0,0,0,0,0,0,0,0,0,0,0,0,0,0,0
0x6D30,0,0,0,0,0,0,0,0,0,0,0,0,0,0,0,0
0x6D40,0,0,0,0,0,0,0,0,0,0,0,0,0,0,0,0
0x6D50,0,0,0,0,0,0,0,0,0,0,0,0,0,0,0,0
0x6D60,0,0,0,0,0,0,0,0,0,0,0,0,0,0,0,0
0x6D70,0,0,0,0,0,0,0,0,0,0,0,0,0,0,0,0
0x6D80,0,0,0,0,0,0,0,0,0,0,0,0,0,0,0,0
0x6D90,0,0,0,0,0,0,0,0,0,0,0,0,0,0,0,0
0x6DA0,0,0,0,0,0,0,0,0,0,0,0,0,0,0,0,0
0x6DB0,0,0,0,0,0,0,0,0,0,0,0,0,0,0,0,0
0x6DC0,0,0,0,0,0,0,0,0,0,0,0,0,0,0,0,0
0x6DD0,0,0,0,0,0,0,0,0,0,0,0,0,0,0,0,0
0x6DE0,0,0,0,0,0,0,0,0,0,0,0,0,0,0,0,0
0x6DF0,0,0,0,0,0,0,0,0,0,0,0,0,0,0,0,0
0x6E00,0,0,0,0,0,0,0,0,0,0,0,0,0,0,0,0
0x6E10,0,0,0,0,0,0,0,0,0,0,0,0,0,0,0,0
0x6E20,0,0,0,0,0,0,0,0,0,0,0,0,0,0,0,0
0x6E30,0,0,0,0,0,0,0,0,0,0,0,0,0,0,0,0
0x6E40,0,0,0,0,0,0,0,0,0,0,0,0,0,0,0,0
0x6E50,0,0,0,0,0,0,0,0,0,0,0,0,0,0,0,0
0x6E60,0,0,0,0,0,0,0,0,0,0,0,0,0,0,0,0
0x6E70,0,0,0,0,0,0,0,0,0,0,0,0,0,0,0,0
0x6E80,0,0,0,0,0,0,0,0,0,0,0,0,0,0,0,0
0x6E90,0,0,0,0,0,0,0,0,0,0,0,0,0,0,0,0
0x6EA0,0,0,0,0,0,0,0,0,0,0,0,0,0,0,0,0
0x6EB0,0,0,0,0,0,0,0,0,0,0,0,0,0,0,0,0
0x6EC0,0,0,0,0,0,0,0,0,0,0,0,0,0,0,0,0
0x6ED0,0,0,0,0,0,0,0,0,0,0,0,0,0,0,0,0
0x6EE0,0,0,0,0,0,0,0,0,0,0,0,0,0,0,0,0
0x6EF0,0,0,0,0,0,0,0,0,0,0,0,0,0,0,0,0
0x6F00,0,0,0,0,0,0,0,0,0,0,0,0,0,0,0,0
0x6F10,0,0,0,0,0,0,0,0,0,0,0,0,0,0,0,0
0x6F20,0,0,0,0,0,0,0,0,0,0,0,0,0,0,0,0
0x6F30,0,0,0,0,0,0,0,0,0,0,0,0,0,0,0,0
0x6F40,0,0,0,0,0,0,0,0,0,0,0,0,0,0,0,0
0x6F50,0,0,0,0,0,0,0,0,0,0,0,0,0,0,0,0
0x6F60,0,0,0,0,0,0,0,0,0,0,0,0,0,0,0,0
0x6F70,0,0,0,0,0,0,0,0,0,0,0,0,0,0,0,0
0x6F80,0,0,0,0,0,0,0,0,0,0,0,0,0,0,0,0
0x6F90,0,0,0,0,0,0,0,0,0,0,0,0,0,0,0,0
0x6FA0,0,0,0,0,0,0,0,0,0,0,0,0,0,0,0,0
0x6FB0,0,0,0,0,0,0,0,0,0,0,0,0,0,0,0,0
0x6FC0,0,0,0,0,0,0,0,0,0,0,0,0,0,0,0,0
0x6FD0,0,0,0,0,0,0,0,0,0,0,0,0,0,0,0,0
0x6FE0,0,0,0,0,0,0,0,0,0,0,0,0,0,0,0,0
0x6FF0,0,0,0,0,0,0,0,0,0,0,0,0,0,0,0,0
0x7000,0,0,0,0,0,0,0,0,0,0,0,0,0,0,0,0
0x7010,0,0,0,0,0,0,0,0,0,0,0,0,0,0,0,0
0x7020,0,0,0,0,0,0,0,0,0,0,0,0,0,0,0,0
0x7030,0,0,0,0,0,0,0,0,0,0,0,0,0,0,0,0
0x7040,0,0,0,0,0,0,0,0,0,0,0,0,0,0,0,0
0x7050,0,0,0,0,0,0,0,0,0,0,0,0,0,0,0,0
0x7060,0,0,0,0,0,0,0,0,0,0,0,0,0,0,0,0
0x7070,0,0,0,0,0,0,0,0,0,0,0,0,0,0,0,0
0x7080,0,0,0,0,0,0,0,0,0,0,0,0,0,0,0,0
0x7090,0,0,0,0,0,0,0,0,0,0,0,0,0,0,0,0
0x70A0,0,0,0,0,0,0,0,0,0,0,0,0,0,0,0,0
0x70B0,0,0,0,0,0,0,0,0,0,0,0,0,0,0,0,0
0x70C0,0,0,0,0,0,0,0,0,0,0,0,0,0,0,0,0
0x70D0,0,0,0,0,0,0,0,0,0,0,0,0,0,0,0,0
0x70E0,0,0,0,0,0,0,0,0,0,0,0,0,0,0,0,0
0x70F0,0,0,0,0,0,0,0,0,0,0,0,0,0,0,0,0
0x7100,0,0,0,0,0,0,0,0,0,0,0,0,0,0,0,0
0x7110,0,0,0,0,0,0,0,0,0,0,0,0,0,0,0,0
0x7120,0,0,0,0,0,0,0,0,0,0,0,0,0,0,0,0
0x7130,0,0,0,0,0,0,0,0,0,0,0,0,0,0,0,0
0x7140,0,0,0,0,0,0,0,0,0,0,0,0,0,0,0,0
0x7150,0,0,0,0,0,0,0,0,0,0,0,0,0,0,0,0
0x7160,0,0,0,0,0,0,0,0,0,0,0,0,0,0,0,0
0x7170,0,0,0,0,0,0,0,0,0,0,0,0,0,0,0,0
0x7180,0,0,0,0,0,0,0,0,0,0,0,0,0,0,0,0
0x7190,0,0,0,0,0,0,0,0,0,0,0,0,0,0,0,0
0x71A0,0,0,0,0,0,0,0,0,0,0,0,0,0,0,0,0
0x71B0,0,0,0,0,0,0,0,0,0,0,0,0,0,0,0,0
0x71C0,0,0,0,0,0,0,0,0,0,0,0,0,0,0,0,0
0x71D0,0,0,0,0,0,0,0,0,0,0,0,0,0,0,0,0
0x71E0,0,0,0,0,0,0,0,0,0,0,0,0,0,0,0,0
0x71F0,0,0,0,0,0,0,0,0,0,0,0,0,0,0,0,0
0x7200,0,0,0,0,0,0,0,0,0,0,0,0,0,0,0,0
0x7210,0,0,0,0,0,0,0,0,0,0,0,0,0,0,0,0
0x7220,0,0,0,0,0,0,0,0,0,0,0,0,0,0,0,0
0x7230,0,0,0,0,0,0,0,0,0,0,0,0,0,0,0,0
0x7240,0,0,0,0,0,0,0,0,0,0,0,0,0,0,0,0
0x7250,0,0,0,0,0,0,0,0,0,0,0,0,0,0,0,0
0x7260,0,0,0,0,0,0,0,0,0,0,0,0,0,0,0,0
0x7270,0,0,0,0,0,0,0,0,0,0,0,0,0,0,0,0
0x7280,0,0,0,0,0,0,0,0,0,0,0,0,0,0,0,0
0x7290,0,0,0,0,0,0,0,0,0,0,0,0,0,0,0,0
0x72A0,0,0,0,0,0,0,0,0,0,0,0,0,0,0,0,0
0x72B0,0,0,0,0,0,0,0,0,0,0,0,0,0,0,0,0
0x72C0,0,0,0,0,0,0,0,0,0,0,0,0,0,0,0,0
0x72D0,0,0,0,0,0,0,0,0,0,0,0,0,0,0,0,0
0x72E0,0,0,0,0,0,0,0,0,0,0,0,0,0,0,0,0
0x72F0,0,0,0,0,0,0,0,0,0,0,0,0,0,0,0,0
0x7300,0,0,0,0,0,0,0,0,0,0,0,0,0,0,0,0
0x7310,0,0,0,0,0,0,0,0,0,0,0,0,0,0,0,0
0x7320,0,0,0,0,0,0,0,0,0,0,0,0,0,0,0,0
0x7330,0,0,0,0,0,0,0,0,0,0,0,0,0,0,0,0
0x7340,0,0,0,0,0,0,0,0,0,0,0,0,0,0,0,0
0x7350,0,0,0,0,0,0,0,0,0,0,0,0,0,0,0,0
0x7360,0,0,0,0,0,0,0,0,0,0,0,0,0,0,0,0
0x7370,0,0,0,0,0,0,0,0,0,0,0,0,0,0,0,0
0x7380,0,0,0,0,0,0,0,0,0,0,0,0,0,0,0,0
0x7390,0,0,0,0,0,0,0,0,0,0,0,0,0,0,0,0
0x73A0,0,0,0,0,0,0,0,0,0,0,0,0,0,0,0,0
0x73B0,0,0,0,0,0,0,0,0,0,0,0,0,0,0,0,0
0x73C0,0,0,0,0,0,0,0,0,0,0,0,0,0,0,0,0
0x73D0,0,0,0,0,0,0,0,0,0,0,0,0,0,0,0,0
0x73E0,0,0,0,0,0,0,0,0,0,0,0,0,0,0,0,0
0x73F0,0,0,0,0,0,0,0,0,0,0,0,0,0,0,0,0
0x7400,0,0,0,0,0,0,0,0,0,0,0,0,0,0,0,0
0x7410,0,0,0,0,0,0,0,0,0,0,0,0,0,0,0,0
0x7420,0,0,0,0,0,0,0,0,0,0,0,0,0,0,0,0
0x7430,0,0,0,0,0,0,0,0,0,0,0,0,0,0,0,0
0x7440,0,0,0,0,0,0,0,0,0,0,0,0,0,0,0,0
0x7450,0,0,0,0,0,0,0,0,0,0,0,0,0,0,0,0
0x7460,0,0,0,0,0,0,0,0,0,0,0,0,0,0,0,0
0x7470,0,0,0,0,0,0,0,0,0,0,0,0,0,0,0,0
0x7480,0,0,0,0,0,0,0,0,0,0,0,0,0,0,0,0
0x7490,0,0,0,0,0,0,0,0,0,0,0,0,0,0,0,0
0x74A0,0,0,0,0,0,0,0,0,0,0,0,0,0,0,0,0
0x74B0,0,0,0,0,0,0,0,0,0,0,0,0,0,0,0,0
0x74C0,0,0,0,0,0,0,0,0,0,0,0,0,0,0,0,0
0x74D0,0,0,0,0,0,0,0,0,0,0,0,0,0,0,0,0
0x74E0,0,0,0,0,0,0,0,0,0,0,0,0,0,0,0,0
0x74F0,0,0,0,0,0,0,0,0,0,0,0,0,0,0,0,0
0x7500,0,0,0,0,0,0,0,0,0,0,0,0,0,0,0,0
0x7510,0,0,0,0,0,0,0,0,0,0,0,0,0,0,0,0
0x7520,0,0,0,0,0,0,0,0,0,0,0,0,0,0,0,0
0x7530,0,0,0,0,0,0,0,0,0,0,0,0,0,0,0,0
0x7540,0,0,0,0,0,0,0,0,0,0,0,0,0,0,0,0
0x7550,0,0,0,0,0,0,0,0,0,0,0,0,0,0,0,0
0x7560,0,0,0,0,0,0,0,0,0,0,0,0,0,0,0,0
0x7570,0,0,0,0,0,0,0,0,0,0,0,0,0,0,0,0
0x7580,0,0,0,0,0,0,0,0,0,0,0,0,0,0,0,0
0x7590,0,0,0,0,0,0,0,0,0,0,0,0,0,0,0,0
0x75A0,0,0,0,0,0,0,0,0,0,0,0,0,0,0,0,0
0x75B0,0,0,0,0,0,0,0,0,0,0,0,0,0,0,0,0
0x75C0,0,0,0,0,0,0,0,0,0,0,0,0,0,0,0,0
0x75D0,0,0,0,0,0,0,0,0,0,0,0,0,0,0,0,0
0x75E0,0,0,0,0,0,0,0,0,0,0,0,0,0,0,0,0
0x75F0,0,0,0,0,0,0,0,0,0,0,0,0,0,0,0,0
0x7600,0,0,0,0,0,0,0,0,0,0,0,0,0,0,0,0
0x7610,0,0,0,0,0,0,0,0,0,0,0,0,0,0,0,0
0x7620,0,0,0,0,0,0,0,0,0,0,0,0,0,0,0,0
0x7630,0,0,0,0,0,0,0,0,0,0,0,0,0,0,0,0
0x7640,0,0,0,0,0,0,0,0,0,0,0,0,0,0,0,0
0x7650,0,0,0,0,0,0,0,0,0,0,0,0,0,0,0,0
0x7660,0,0,0,0,0,0,0,0,0,0,0,0,0,0,0,0
0x7670,0,0,0,0,0,0,0,0,0,0,0,0,0,0,0,0
0x7680,0,0,0,0,0,0,0,0,0,0,0,0,0,0,0,0
0x7690,0,0,0,0,0,0,0,0,0,0,0,0,0,0,0,0
0x76A0,0,0,0,0,0,0,0,0,0,0,0,0,0,0,0,0
0x76B0,0,0,0,0,0,0,0,0,0,0,0,0,0,0,0,0
0x76C0,0,0,0,0,0,0,0,0,0,0,0,0,0,0,0,0
0x76D0,0,0,0,0,0,0,0,0,0,0,0,0,0,0,0,0
0x76E0,0,0,0,0,0,0,0,0,0,0,0,0,0,0,0,0
0x76F0,0,0,0,0,0,0,0,0,0,0,0,0,0,0,0,0
0x7700,0,0,0,0,0,0,0,0,0,0,0,0,0,0,0,0
0x7710,0,0,0,0,0,0,0,0,0,0,0,0,0,0,0,0
0x7720,0,0,0,0,0,0,0,0,0,0,0,0,0,0,0,0
0x7730,0,0,0,0,0,0,0,0,0,0,0,0,0,0,0,0
0x7740,0,0,0,0,0,0,0,0,0,0,0,0,0,0,0,0
0x7750,0,0,0,0,0,0,0,0,0,0,0,0,0,0,0,0
0x7760,0,0,0,0,0,0,0,0,0,0,0,0,0,0,0,0
0x7770,0,0,0,0,0,0,0,0,0,0,0,0,0,0,0,0
0x7780,0,0,0,0,0,0,0,0,0,0,0,0,0,0,0,0
0x7790,0,0,0,0,0,0,0,0,0,0,0,0,0,0,0,0
0x77A0,0,0,0,0,0,0,0,0,0,0,0,0,0,0,0,0
0x77B0,0,0,0,0,0,0,0,0,0,0,0,0,0,0,0,0
0x77C0,0,0,0,0,0,0,0,0,0,0,0,0,0,0,0,0
0x77D0,0,0,0,0,0,0,0,0,0,0,0,0,0,0,0,0
0x77E0,0,0,0,0,0,0,0,0,0,0,0,0,0,0,0,0
0x77F0,0,0,0,0,0,0,0,0,0,0,0,0,0,0,0,0
0x7800,0,0,0,0,0,0,0,0,0,0,0,0,0,0,0,0
0x7810,0,0,0,0,0,0,0,0,0,0,0,0,0,0,0,0
0x7820,0,0,0,0,0,0,0,0,0,0,0,0,0,0,0,0
0x7830,0,0,0,0,0,0,0,0,0,0,0,0,0,0,0,0
0x7840,0,0,0,0,0,0,0,0,0,0,0,0,0,0,0,0
0x7850,0,0,0,0,0,0,0,0,0,0,0,0,0,0,0,0
0x7860,0,0,0,0,0,0,0,0,0,0,0,0,0,0,0,0
0x7870,0,0,0,0,0,0,0,0,0,0,0,0,0,0,0,0
0x7880,0,0,0,0,0,0,0,0,0,0,0,0,0,0,0,0
0x7890,0,0,0,0,0,0,0,0,0,0,0,0,0,0,0,0
0x78A0,0,0,0,0,0,0,0,0,0,0,0,0,0,0,0,0
0x78B0,0,0,0,0,0,0,0,0,0,0,0,0,0,0,0,0
0x78C0,0,0,0,0,0,0,0,0,0,0,0,0,0,0,0,0
0x78D0,0,0,0,0,0,0,0,0,0,0,0,0,0,0,0,0
0x78E0,0,0,0,0,0,0,0,0,0,0,0,0,0,0,0,0
0x78F0,0,0,0,0,0,0,0,0,0,0,0,0,0,0,0,0
0x7900,0,0,0,0,0,0,0,0,0,0,0,0,0,0,0,0
0x7910,0,0,0,0,0,0,0,0,0,0,0,0,0,0,0,0
0x7920,0,0,0,0,0,0,0,0,0,0,0,0,0,0,0,0
0x7930,0,0,0,0,0,0,0,0,0,0,0,0,0,0,0,0
0x7940,0,0,0,0,0,0,0,0,0,0,0,0,0,0,0,0
0x7950,0,0,0,0,0,0,0,0,0,0,0,0,0,0,0,0
0x7960,0,0,0,0,0,0,0,0,0,0,0,0,0,0,0,0
0x7970,0,0,0,0,0,0,0,0,0,0,0,0,0,0,0,0
0x7980,0,0,0,0,0,0,0,0,0,0,0,0,0,0,0,0
0x7990,0,0,0,0,0,0,0,0,0,0,0,0,0,0,0,0
0x79A0,0,0,0,0,0,0,0,0,0,0,0,0,0,0,0,0
0x79B0,0,0,0,0,0,0,0,0,0,0,0,0,0,0,0,0
0x79C0,0,0,0,0,0,0,0,0,0,0,0,0,0,0,0,0
0x79D0,0,0,0,0,0,0,0,0,0,0,0,0,0,0,0,0
0x79E0,0,0,0,0,0,0,0,0,0,0,0,0,0,0,0,0
0x79F0,0,0,0,0,0,0,0,0,0,0,0,0,0,0,0,0
0x7A00,0,0,0,0,0,0,0,0,0,0,0,0,0,0,0,0
0x7A10,0,0,0,0,0,0,0,0,0,0,0,0,0,0,0,0
0x7A20,0,0,0,0,0,0,0,0,0,0,0,0,0,0,0,0
0x7A30,0,0,0,0,0,0,0,0,0,0,0,0,0,0,0,0
0x7A40,0,0,0,0,0,0,0,0,0,0,0,0,0,0,0,0
0x7A50,0,0,0,0,0,0,0,0,0,0,0,0,0,0,0,0
0x7A60,0,0,0,0,0,0,0,0,0,0,0,0,0,0,0,0
0x7A70,0,0,0,0,0,0,0,0,0,0,0,0,0,0,0,0
0x7A80,0,0,0,0,0,0,0,0,0,0,0,0,0,0,0,0
0x7A90,0,0,0,0,0,0,0,0,0,0,0,0,0,0,0,0
0x7AA0,0,0,0,0,0,0,0,0,0,0,0,0,0,0,0,0
0x7AB0,0,0,0,0,0,0,0,0,0,0,0,0,0,0,0,0
0x7AC0,0,0,0,0,0,0,0,0,0,0,0,0,0,0,0,0
0x7AD0,0,0,0,0,0,0,0,0,0,0,0,0,0,0,0,0
0x7AE0,0,0,0,0,0,0,0,0,0,0,0,0,0,0,0,0
0x7AF0,0,0,0,0,0,0,0,0,0,0,0,0,0,0,0,0
0x7B00,0,0,0,0,0,0,0,0,0,0,0,0,0,0,0,0
0x7B10,0,0,0,0,0,0,0,0,0,0,0,0,0,0,0,0
0x7B20,0,0,0,0,0,0,0,0,0,0,0,0,0,0,0,0
0x7B30,0,0,0,0,0,0,0,0,0,0,0,0,0,0,0,0
0x7B40,0,0,0,0,0,0,0,0,0,0,0,0,0,0,0,0
0x7B50,0,0,0,0,0,0,0,0,0,0,0,0,0,0,0,0
0x7B60,0,0,0,0,0,0,0,0,0,0,0,0,0,0,0,0
0x7B70,0,0,0,0,0,0,0,0,0,0,0,0,0,0,0,0
0x7B80,0,0,0,0,0,0,0,0,0,0,0,0,0,0,0,0
0x7B90,0,0,0,0,0,0,0,0,0,0,0,0,0,0,0,0
0x7BA0,0,0,0,0,0,0,0,0,0,0,0,0,0,0,0,0
0x7BB0,0,0,0,0,0,0,0,0,0,0,0,0,0,0,0,0
0x7BC0,0,0,0,0,0,0,0,0,0,0,0,0,0,0,0,0
0x7BD0,0,0,0,0,0,0,0,0,0,0,0,0,0,0,0,0
0x7BE0,0,0,0,0,0,0,0,0,0,0,0,0,0,0,0,0
0x7BF0,0,0,0,0,0,0,0,0,0,0,0,0,0,0,0,0
0x7C00,0,0,0,0,0,0,0,0,0,0,0,0,0,0,0,0
0x7C10,0,0,0,0,0,0,0,0,0,0,0,0,0,0,0,0
0x7C20,0,0,0,0,0,0,0,0,0,0,0,0,0,0,0,0
0x7C30,0,0,0,0,0,0,0,0,0,0,0,0,0,0,0,0
0x7C40,0,0,0,0,0,0,0,0,0,0,0,0,0,0,0,0
0x7C50,0,0,0,0,0,0,0,0,0,0,0,0,0,0,0,0
0x7C60,0,0,0,0,0,0,0,0,0,0,0,0,0,0,0,0
0x7C70,0,0,0,0,0,0,0,0,0,0,0,0,0,0,0,0
0x7C80,0,0,0,0,0,0,0,0,0,0,0,0,0,0,0,0
0x7C90,0,0,0,0,0,0,0,0,0,0,0,0,0,0,0,0
0x7CA0,0,0,0,0,0,0,0,0,0,0,0,0,0,0,0,0
0x7CB0,0,0,0,0,0,0,0,0,0,0,0,0,0,0,0,0
0x7CC0,0,0,0,0,0,0,0,0,0,0,0,0,0,0,0,0
0x7CD0,0,0,0,0,0,0,0,0,0,0,0,0,0,0,0,0
0x7CE0,0,0,0,0,0,0,0,0,0,0,0,0,0,0,0,0
0x7CF0,0,0,0,0,0,0,0,0,0,0,0,0,0,0,0,0
0x7D00,0,0,0,0,0,0,0,0,0,0,0,0,0,0,0,0
0x7D10,0,0,0,0,0,0,0,0,0,0,0,0,0,0,0,0
0x7D20,0,0,0,0,0,0,0,0,0,0,0,0,0,0,0,0
0x7D30,0,0,0,0,0,0,0,0,0,0,0,0,0,0,0,0
0x7D40,0,0,0,0,0,0,0,0,0,0,0,0,0,0,0,0
0x7D50,0,0,0,0,0,0,0,0,0,0,0,0,0,0,0,0
0x7D60,0,0,0,0,0,0,0,0,0,0,0,0,0,0,0,0
0x7D70,0,0,0,0,0,0,0,0,0,0,0,0,0,0,0,0
0x7D80,0,0,0,0,0,0,0,0,0,0,0,0,0,0,0,0
0x7D90,0,0,0,0,0,0,0,0,0,0,0,0,0,0,0,0
0x7DA0,0,0,0,0,0,0,0,0,0,0,0,0,0,0,0,0
0x7DB0,0,0,0,0,0,0,0,0,0,0,0,0,0,0,0,0
0x7DC0,0,0,0,0,0,0,0,0,0,0,0,0,0,0,0,0
0x7DD0,0,0,0,0,0,0,0,0,0,0,0,0,0,0,0,0
0x7DE0,0,0,0,0,0,0,0,0,0,0,0,0,0,0,0,0
0x7DF0,0,0,0,0,0,0,0,0,0,0,0,0,0,0,0,0
0x7E00,0,0,0,0,0,0,0,0,0,0,0,0,0,0,0,0
0x7E10,0,0,0,0,0,0,0,0,0,0,0,0,0,0,0,0
0x7E20,0,0,0,0,0,0,0,0,0,0,0,0,0,0,0,0
0x7E30,0,0,0,0,0,0,0,0,0,0,0,0,0,0,0,0
0x7E40,0,0,0,0,0,0,0,0,0,0,0,0,0,0,0,0
0x7E50,0,0,0,0,0,0,0,0,0,0,0,0,0,0,0,0
0x7E60,0,0,0,0,0,0,0,0,0,0,0,0,0,0,0,0
0x7E70,0,0,0,0,0,0,0,0,0,0,0,0,0,0,0,0
0x7E80,0,0,0,0,0,0,0,0,0,0,0,0,0,0,0,0
0x7E90,0,0,0,0,0,0,0,0,0,0,0,0,0,0,0,0
0x7EA0,0,0,0,0,0,0,0,0,0,0,0,0,0,0,0,0
0x7EB0,0,0,0,0,0,0,0,0,0,0,0,0,0,0,0,0
0x7EC0,0,0,0,0,0,0,0,0,0,0,0,0,0,0,0,0
0x7ED0,0,0,0,0,0,0,0,0,0,0,0,0,0,0,0,0
0x7EE0,0,0,0,0,0,0,0,0,0,0,0,0,0,0,0,0
0x7EF0,0,0,0,0,0,0,0,0,0,0,0,0,0,0,0,0
0x7F00,0,0,0,0,0,0,0,0,0,0,0,0,0,0,0,0
0x7F10,0,0,0,0,0,0,0,0,0,0,0,0,0,0,0,0
0x7F20,0,0,0,0,0,0,0,0,0,0,0,0,0,0,0,0
0x7F30,0,0,0,0,0,0,0,0,0,0,0,0,0,0,0,0
0x7F40,0,0,0,0,0,0,0,0,0,0,0,0,0,0,0,0
0x7F50,0,0,0,0,0,0,0,0,0,0,0,0,0,0,0,0
0x7F60,0,0,0,0,0,0,0,0,0,0,0,0,0,0,0,0
0x7F70,0,0,0,0,0,0,0,0,0,0,0,0,0,0,0,0
0x7F80,0,0,0,0,0,0,0,0,0,0,0,0,0,0,0,0
0x7F90,0,0,0,0,0,0,0,0,0,0,0,0,0,0,0,0
0x7FA0,0,0,0,0,0,0,0,0,0,0,0,0,0,0,0,0
0x7FB0,0,0,0,0,0,0,0,0,0,0,0,0,0,0,0,0
0x7FC0,0,0,0,0,0,0,0,0,0,0,0,0,0,0,0,0
0x7FD0,0,0,0,0,0,0,0,0,0,0,0,0,0,0,0,0
0x7FE0,0,0,0,0,0,0,0,0,0,0,0,0,0,0,0,0
0x7FF0,0,0,0,0,0,0,0,0,0,0,0,0,0,0,0,0
